Months,Days,date time,Average of temp,Average of humid,Average of wind speed
Apr,9-Apr,2 PM,27.8,51.2,4.2
Apr,9-Apr,5 PM,28.8,49.5,3.1
Apr,9-Apr,6 PM,30.5,47.1,3.1
Apr,9-Apr,7 PM,33.3,43.3,2.9
Apr,9-Apr,8 PM,34.2,42.8,2.8
Apr,9-Apr,9 PM,34.7,42.8,2.8
Apr,9-Apr,10 PM,35.0,43.1,2.9
Apr,9-Apr,11 PM,35.2,43.4,2.8
Apr,10-Apr,12 AM,35.2,43.8,2.8
Apr,10-Apr,1 AM,35.3,44.1,2.7
Apr,10-Apr,2 AM,35.4,44.0,2.9
Apr,10-Apr,3 AM,35.5,44.0,2.8
Apr,10-Apr,4 AM,35.4,44.3,2.8
Apr,10-Apr,5 AM,35.2,44.7,2.8
Apr,10-Apr,6 AM,35.1,44.9,2.7
Apr,10-Apr,7 AM,35.2,44.9,2.8
Apr,10-Apr,8 AM,35.4,44.6,2.7
Apr,10-Apr,9 AM,35.6,44.4,2.9
Apr,10-Apr,10 AM,35.6,44.4,2.8
Apr,10-Apr,11 AM,28.7,48.0,2.8
Apr,10-Apr,12 PM,30.9,45.2,2.8
Apr,10-Apr,1 PM,34.3,41.9,2.7
Apr,10-Apr,2 PM,35.4,41.9,2.7
Apr,10-Apr,3 PM,35.9,42.2,2.7
Apr,10-Apr,4 PM,36.3,42.5,2.6
Apr,10-Apr,5 PM,36.5,43.0,2.6
Apr,10-Apr,6 PM,36.6,43.5,2.6
Apr,10-Apr,7 PM,36.6,44.1,2.6
Apr,10-Apr,8 PM,36.7,44.6,2.6
Apr,10-Apr,9 PM,35.4,46.1,2.7
Apr,10-Apr,10 PM,28.3,51.8,2.9
Apr,10-Apr,11 PM,27.8,53.8,2.9
Apr,11-Apr,12 AM,27.5,55.0,2.9
Apr,11-Apr,1 AM,27.5,55.6,3.0
Apr,11-Apr,2 AM,27.7,56.3,2.9
Apr,11-Apr,3 AM,28.7,53.6,2.9
Apr,11-Apr,6 AM,31.0,48.8,3.0
Apr,11-Apr,7 AM,32.9,46.1,2.8
Apr,11-Apr,8 AM,33.4,45.9,2.9
Apr,11-Apr,9 AM,29.0,47.7,2.9
Apr,11-Apr,10 AM,28.5,51.7,2.9
Apr,11-Apr,11 AM,28.4,52.3,3.0
Apr,11-Apr,12 PM,28.4,52.6,3.0
Apr,11-Apr,1 PM,28.5,52.4,2.9
Apr,11-Apr,2 PM,27.9,55.1,2.9
Apr,11-Apr,3 PM,28.2,54.5,2.9
Apr,11-Apr,4 PM,31.3,48.8,2.9
Apr,11-Apr,5 PM,30.8,57.8,3.6
Apr,11-Apr,6 PM,33.5,58.7,3.4
Apr,11-Apr,7 PM,35.4,57.0,3.5
Apr,11-Apr,8 PM,35.3,57.3,3.0
Apr,11-Apr,9 PM,35.2,57.5,3.4
Apr,11-Apr,10 PM,35.3,57.6,3.2
Apr,11-Apr,11 PM,35.2,58.0,3.4
Apr,12-Apr,12 AM,35.4,57.6,3.2
Apr,12-Apr,1 AM,35.5,57.4,3.4
Apr,12-Apr,2 AM,35.2,57.9,3.4
Apr,12-Apr,3 AM,34.9,58.5,3.1
Apr,12-Apr,4 AM,34.8,58.5,3.4
Apr,12-Apr,5 AM,34.7,58.4,3.4
Apr,12-Apr,6 AM,34.6,58.6,3.3
Apr,12-Apr,7 AM,34.8,58.1,3.3
Apr,12-Apr,8 AM,35.0,58.2,3.3
Apr,12-Apr,9 AM,35.1,58.6,3.2
Apr,12-Apr,10 AM,35.2,58.4,3.3
Apr,12-Apr,11 AM,35.3,58.1,3.3
Apr,12-Apr,12 PM,35.5,57.5,3.3
Apr,12-Apr,1 PM,35.5,57.3,3.5
Apr,12-Apr,2 PM,35.6,56.8,3.0
Apr,12-Apr,3 PM,35.7,56.2,3.3
Apr,12-Apr,4 PM,35.7,55.8,3.2
Apr,12-Apr,5 PM,35.8,55.8,3.4
Apr,12-Apr,6 PM,35.8,55.8,3.6
Apr,12-Apr,7 PM,35.8,56.0,3.2
Apr,12-Apr,8 PM,35.7,56.4,3.4
Apr,12-Apr,9 PM,35.6,57.0,3.1
Apr,12-Apr,10 PM,35.6,56.9,3.2
Apr,12-Apr,11 PM,35.5,56.9,3.3
Apr,13-Apr,12 AM,35.5,56.8,3.4
Apr,13-Apr,1 AM,35.4,56.8,3.0
Apr,13-Apr,2 AM,35.4,56.8,3.5
Apr,13-Apr,3 AM,35.9,55.8,3.5
Apr,13-Apr,4 AM,35.1,58.2,3.6
Apr,13-Apr,5 AM,35.9,56.3,3.4
Apr,13-Apr,6 AM,35.0,58.3,3.3
Apr,13-Apr,7 AM,35.3,57.7,3.1
Apr,13-Apr,8 AM,35.3,58.4,3.5
Apr,13-Apr,9 AM,35.4,58.6,3.3
Apr,13-Apr,10 AM,35.4,58.6,2.9
Apr,13-Apr,11 AM,35.6,58.4,3.2
Apr,13-Apr,12 PM,35.7,57.9,3.2
Apr,13-Apr,1 PM,35.9,56.9,3.3
Apr,13-Apr,2 PM,36.1,56.0,2.9
Apr,13-Apr,3 PM,36.1,55.6,3.4
Apr,13-Apr,4 PM,36.2,54.9,3.1
Apr,13-Apr,5 PM,36.3,54.5,3.2
Apr,13-Apr,6 PM,36.2,54.4,3.1
Apr,13-Apr,7 PM,36.2,55.1,3.4
Apr,13-Apr,8 PM,36.2,55.6,3.2
Apr,13-Apr,9 PM,36.1,56.0,3.1
Apr,13-Apr,10 PM,36.1,56.1,3.0
Apr,13-Apr,11 PM,36.0,56.1,3.6
Apr,14-Apr,12 AM,35.8,56.0,3.2
Apr,14-Apr,1 AM,35.7,56.1,3.1
Apr,14-Apr,2 AM,35.6,55.9,3.0
Apr,14-Apr,3 AM,35.5,55.7,3.2
Apr,14-Apr,4 AM,35.4,55.5,3.3
Apr,14-Apr,5 AM,35.2,55.6,3.0
Apr,14-Apr,6 AM,35.2,55.6,3.3
Apr,14-Apr,7 AM,35.4,55.5,3.2
Apr,14-Apr,8 AM,35.5,56.7,3.0
Apr,14-Apr,9 AM,35.6,57.0,3.2
Apr,14-Apr,10 AM,35.7,56.7,3.3
Apr,14-Apr,11 AM,35.9,56.4,3.3
Apr,14-Apr,12 PM,36.0,56.0,3.3
Apr,14-Apr,1 PM,36.1,55.3,3.2
Apr,14-Apr,2 PM,36.2,55.0,3.1
Apr,17-Apr,5 PM,33.0,61.4,3.4
Apr,17-Apr,6 PM,32.7,62.9,3.1
Apr,17-Apr,7 PM,33.5,61.7,3.3
Apr,17-Apr,8 PM,34.1,60.9,3.3
Apr,17-Apr,9 PM,33.7,61.7,3.2
Apr,17-Apr,10 PM,33.9,61.7,3.4
Apr,17-Apr,11 PM,32.8,64.1,3.7
Apr,18-Apr,12 AM,33.6,61.8,3.4
Apr,18-Apr,1 AM,33.5,62.3,3.1
Apr,18-Apr,2 AM,33.2,62.7,3.4
Apr,18-Apr,3 AM,33.0,62.9,3.3
Apr,18-Apr,4 AM,33.1,62.6,3.4
Apr,18-Apr,5 AM,33.0,63.3,3.2
Apr,18-Apr,6 AM,33.5,62.6,3.4
Apr,18-Apr,7 AM,33.9,62.5,3.1
Apr,18-Apr,8 AM,34.2,62.4,2.9
Apr,18-Apr,9 AM,35.1,60.1,2.7
Apr,18-Apr,10 AM,35.3,59.5,2.7
Apr,18-Apr,11 AM,35.5,58.6,2.7
Apr,25-Apr,4 PM,31.7,38.7,2.9
Apr,25-Apr,5 PM,35.0,39.6,2.7
Apr,25-Apr,6 PM,36.2,41.1,2.7
Apr,25-Apr,7 PM,36.7,41.5,2.6
Apr,26-Apr,2 PM,25.2,48.1,3.1
Apr,26-Apr,3 PM,25.7,48.2,2.9
Apr,26-Apr,4 PM,26.5,49.4,2.9
May,4-May,10 AM,28.8,49.4,3.5
May,4-May,11 AM,29.9,46.9,2.8
May,4-May,12 PM,29.9,48.3,2.8
May,4-May,3 PM,29.3,51.5,3.3
May,4-May,4 PM,29.2,52.2,0.3
May,4-May,5 PM,28.9,54.2,0.0
May,4-May,6 PM,28.7,54.3,0.1
May,4-May,7 PM,28.8,54.4,0.0
May,5-May,3 AM,33.3,64.8,0.5
May,5-May,4 AM,33.9,62.8,0.0
May,5-May,5 AM,34.0,62.7,0.0
May,5-May,6 AM,34.2,62.6,0.0
May,5-May,7 AM,34.1,62.2,0.0
May,5-May,8 AM,29.3,59.1,0.1
May,5-May,9 AM,25.5,53.5,0.7
May,5-May,10 AM,25.5,52.8,0.6
May,5-May,11 AM,25.5,50.7,0.7
May,5-May,12 PM,25.3,49.9,0.7
May,5-May,1 PM,25.3,48.7,1.0
May,5-May,2 PM,25.1,49.0,0.8
May,5-May,3 PM,26.9,56.5,0.4
May,5-May,4 PM,35.5,60.7,0.7
May,5-May,5 PM,38.9,54.7,0.5
May,5-May,6 PM,37.2,56.6,0.2
May,5-May,7 PM,35.2,61.9,0.0
May,5-May,8 PM,34.7,64.2,0.0
May,5-May,9 PM,34.3,66.9,0.0
May,5-May,10 PM,33.9,69.3,0.0
May,5-May,11 PM,33.7,69.4,0.0
May,6-May,12 AM,33.6,69.7,0.0
May,6-May,1 AM,33.5,70.6,0.0
May,6-May,2 AM,33.3,70.8,0.0
May,6-May,3 AM,33.2,71.5,0.0
May,6-May,4 AM,33.1,71.1,0.0
May,6-May,5 AM,33.1,71.5,0.0
May,6-May,6 AM,33.1,71.5,0.0
May,6-May,7 AM,33.3,68.9,0.0
May,6-May,8 AM,34.4,66.1,0.2
May,6-May,9 AM,35.5,64.2,0.5
May,6-May,10 AM,36.2,62.7,0.7
May,6-May,11 AM,37.2,60.6,0.4
May,6-May,12 PM,37.9,58.9,0.7
May,6-May,1 PM,37.5,60.5,1.1
May,6-May,2 PM,38.4,58.1,0.1
May,6-May,3 PM,38.4,58.9,0.0
May,6-May,4 PM,37.0,59.7,0.3
May,6-May,5 PM,33.9,68.3,0.7
May,6-May,6 PM,33.4,71.4,0.0
May,6-May,7 PM,33.4,71.7,0.0
May,6-May,8 PM,33.6,71.5,0.0
May,6-May,9 PM,33.7,72.1,0.0
May,6-May,10 PM,33.6,72.7,0.0
May,6-May,11 PM,33.2,74.1,0.1
May,7-May,12 AM,33.4,73.7,0.0
May,7-May,1 AM,33.4,73.5,0.0
May,7-May,2 AM,33.4,73.1,0.0
May,7-May,3 AM,33.1,73.5,0.0
May,7-May,4 AM,33.0,73.3,0.0
May,7-May,5 AM,33.0,73.2,0.0
May,7-May,6 AM,33.0,73.1,0.0
May,7-May,7 AM,33.4,73.3,0.0
May,7-May,8 AM,34.1,73.1,0.4
May,7-May,9 AM,35.6,68.8,0.6
May,7-May,10 AM,37.0,64.0,0.5
May,7-May,11 AM,38.1,60.4,0.4
May,7-May,12 PM,35.8,63.3,0.9
May,7-May,1 PM,34.1,70.7,0.2
May,7-May,2 PM,33.0,75.6,0.2
May,7-May,3 PM,32.9,77.3,0.5
May,7-May,4 PM,33.8,75.4,0.9
May,7-May,5 PM,33.4,77.0,0.2
May,7-May,6 PM,33.5,76.7,0.0
May,7-May,7 PM,33.6,76.2,0.0
May,7-May,8 PM,33.8,75.4,0.0
May,7-May,9 PM,33.6,75.7,0.0
May,7-May,10 PM,33.4,74.9,0.0
May,7-May,11 PM,33.2,75.0,0.0
May,8-May,12 AM,33.0,74.8,0.1
May,8-May,1 AM,32.5,77.6,0.1
May,8-May,2 AM,32.7,75.9,0.0
May,8-May,3 AM,32.7,75.6,0.0
May,8-May,4 AM,32.7,75.3,0.0
May,8-May,5 AM,32.4,75.6,0.0
May,8-May,6 AM,31.9,77.4,0.1
May,8-May,7 AM,33.0,76.0,0.0
May,8-May,8 AM,33.9,73.3,0.0
May,8-May,9 AM,33.9,74.4,0.4
May,8-May,10 AM,34.9,73.1,0.8
May,8-May,11 AM,36.8,66.5,0.4
May,8-May,12 PM,36.4,64.8,0.6
May,8-May,1 PM,34.5,70.2,0.1
May,8-May,2 PM,34.6,69.4,0.1
May,8-May,3 PM,35.1,67.2,0.0
May,8-May,4 PM,35.3,64.2,0.0
May,8-May,5 PM,35.2,62.9,0.1
May,8-May,6 PM,34.5,65.6,0.3
May,8-May,7 PM,33.7,68.5,0.5
May,8-May,8 PM,33.7,70.8,0.1
May,8-May,9 PM,33.7,70.8,0.0
May,8-May,10 PM,33.5,71.5,0.0
May,8-May,11 PM,33.3,72.8,0.0
May,9-May,12 AM,33.2,72.8,0.0
May,9-May,1 AM,33.1,72.3,0.0
May,9-May,2 AM,33.1,72.0,0.0
May,9-May,3 AM,32.7,73.2,0.0
May,9-May,4 AM,32.9,73.3,0.0
May,9-May,5 AM,33.0,73.2,0.0
May,9-May,6 AM,33.1,73.5,0.0
May,9-May,7 AM,33.9,72.7,0.2
May,9-May,8 AM,35.3,66.3,0.1
May,9-May,9 AM,34.6,65.9,0.2
May,9-May,10 AM,34.8,66.8,0.2
May,9-May,11 AM,35.5,65.4,0.3
May,9-May,12 PM,35.6,66.2,0.3
May,9-May,1 PM,35.8,64.2,0.2
May,9-May,2 PM,36.6,61.8,0.3
May,9-May,3 PM,37.2,59.3,0.1
May,9-May,4 PM,37.5,60.6,1.6
May,9-May,5 PM,35.4,69.1,1.0
May,9-May,6 PM,35.4,68.7,0.6
May,9-May,7 PM,33.7,72.7,0.3
May,9-May,8 PM,33.1,73.1,0.0
May,9-May,9 PM,33.1,73.9,0.0
May,9-May,10 PM,33.1,73.5,0.0
May,9-May,11 PM,33.2,73.9,0.0
May,10-May,12 AM,33.3,74.3,0.0
May,10-May,1 AM,32.7,75.9,0.0
May,10-May,2 AM,33.0,75.7,0.0
May,10-May,3 AM,33.1,75.4,0.0
May,10-May,4 AM,32.9,75.3,0.0
May,10-May,5 AM,32.1,77.8,0.4
May,10-May,6 AM,32.8,76.6,0.8
May,10-May,7 AM,33.0,76.9,0.3
May,10-May,8 AM,34.2,72.6,0.0
May,10-May,9 AM,35.0,70.1,0.1
May,10-May,10 AM,35.5,68.9,0.1
May,10-May,3 PM,33.2,82.6,0.0
May,10-May,4 PM,33.2,79.4,0.2
May,10-May,5 PM,33.3,77.9,0.1
May,10-May,6 PM,32.9,78.4,0.8
May,10-May,7 PM,32.3,79.2,0.9
May,10-May,8 PM,32.2,79.5,1.0
May,10-May,9 PM,32.0,79.3,1.0
May,10-May,10 PM,31.7,80.1,1.0
May,10-May,11 PM,31.4,80.4,1.0
May,11-May,12 AM,31.1,80.1,1.0
May,11-May,1 AM,30.9,80.2,1.0
May,11-May,2 AM,30.5,80.7,1.0
May,11-May,3 AM,30.4,80.6,1.0
May,11-May,4 AM,30.3,81.5,1.0
May,11-May,5 AM,30.2,81.4,1.0
May,11-May,6 AM,30.9,80.8,1.0
May,11-May,7 AM,35.5,72.3,0.8
May,11-May,8 AM,40.8,59.6,0.1
May,11-May,9 AM,40.8,56.0,0.1
May,11-May,10 AM,40.9,56.0,0.1
May,11-May,11 AM,41.7,54.3,0.0
May,11-May,12 PM,41.9,53.2,0.4
May,11-May,1 PM,39.7,59.4,0.1
May,11-May,2 PM,42.1,53.2,0.2
May,11-May,3 PM,42.3,52.9,0.4
May,11-May,4 PM,41.3,52.8,0.4
May,11-May,5 PM,38.9,58.7,0.0
May,11-May,6 PM,37.5,62.4,0.0
May,11-May,7 PM,36.1,66.1,0.0
May,11-May,8 PM,35.1,69.6,0.0
May,11-May,9 PM,34.1,73.4,0.0
May,11-May,10 PM,33.6,74.9,0.0
May,11-May,11 PM,33.2,77.3,0.0
May,12-May,12 AM,33.3,77.8,0.0
May,12-May,1 AM,32.7,79.6,0.0
May,12-May,2 AM,32.1,81.3,0.0
May,12-May,3 AM,32.1,81.1,0.0
May,12-May,4 AM,31.6,82.7,0.0
May,12-May,5 AM,31.3,82.1,0.0
May,12-May,6 AM,31.8,80.9,0.0
May,12-May,7 AM,33.2,80.4,0.0
May,12-May,8 AM,35.9,75.0,0.0
May,12-May,9 AM,39.0,66.5,0.0
May,12-May,10 AM,41.6,57.8,0.0
May,12-May,11 AM,41.0,57.0,0.1
May,12-May,12 PM,41.9,54.4,0.2
May,12-May,1 PM,43.0,51.4,0.3
May,12-May,2 PM,44.6,48.7,0.2
May,12-May,3 PM,40.2,57.3,0.7
May,12-May,4 PM,40.3,58.6,0.0
May,12-May,5 PM,41.5,54.8,0.0
May,12-May,6 PM,38.7,59.7,0.0
May,12-May,7 PM,37.2,64.3,0.6
May,12-May,8 PM,36.0,68.2,0.4
May,12-May,9 PM,35.0,71.0,0.3
May,12-May,10 PM,34.3,74.0,0.0
May,12-May,11 PM,33.9,75.8,0.0
May,13-May,12 AM,33.6,76.2,0.0
May,13-May,1 AM,33.1,77.0,0.0
May,13-May,2 AM,32.9,77.3,0.0
May,13-May,3 AM,32.7,78.2,0.0
May,13-May,4 AM,32.8,78.3,0.0
May,13-May,5 AM,32.6,78.9,0.0
May,13-May,6 AM,33.1,78.5,0.0
May,13-May,7 AM,34.9,75.4,0.0
May,13-May,8 AM,37.8,67.6,0.2
May,13-May,9 AM,41.5,58.0,0.0
May,13-May,10 AM,41.6,54.3,0.5
May,13-May,11 AM,41.5,53.4,0.6
May,13-May,12 PM,42.3,50.7,0.6
May,13-May,1 PM,43.6,48.6,0.4
May,13-May,2 PM,44.7,46.2,0.2
May,13-May,3 PM,46.0,44.0,0.1
May,13-May,4 PM,45.8,44.5,0.0
May,13-May,5 PM,44.3,48.0,0.0
May,13-May,6 PM,41.7,53.8,0.0
May,13-May,7 PM,39.0,57.4,0.0
May,13-May,8 PM,38.0,60.6,0.1
May,13-May,9 PM,36.6,64.2,0.3
May,13-May,10 PM,35.2,68.2,0.2
May,13-May,11 PM,34.8,69.5,0.0
May,14-May,12 AM,34.1,72.2,0.2
May,14-May,1 AM,33.6,74.2,0.0
May,14-May,2 AM,33.2,75.1,0.0
May,14-May,3 AM,32.8,75.7,0.0
May,14-May,4 AM,32.6,76.1,0.0
May,14-May,5 AM,32.3,77.3,0.0
May,14-May,6 AM,32.7,77.6,0.0
May,14-May,7 AM,37.1,68.4,0.0
May,14-May,8 AM,40.0,61.1,0.0
May,14-May,9 AM,41.4,58.1,0.0
May,14-May,10 AM,42.2,56.0,0.0
May,14-May,11 AM,42.6,53.8,0.2
May,14-May,12 PM,44.0,50.9,0.2
May,14-May,1 PM,45.0,46.7,0.2
May,14-May,2 PM,45.5,46.1,0.2
May,14-May,3 PM,45.9,45.6,0.1
May,14-May,4 PM,44.3,48.2,0.1
May,14-May,5 PM,41.5,55.8,0.2
May,14-May,6 PM,39.9,58.9,0.0
May,14-May,7 PM,38.5,62.1,0.0
May,14-May,8 PM,37.9,64.7,0.1
May,14-May,9 PM,36.5,68.1,0.0
May,14-May,10 PM,35.9,69.7,0.0
May,14-May,11 PM,35.4,70.1,0.0
May,15-May,12 AM,34.9,71.8,0.0
May,15-May,1 AM,33.8,75.1,0.0
May,15-May,2 AM,33.4,75.7,0.0
May,15-May,3 AM,33.3,75.3,0.0
May,15-May,4 AM,33.1,75.5,0.0
May,15-May,5 AM,33.1,76.1,0.0
May,15-May,6 AM,33.3,76.9,0.3
May,15-May,7 AM,36.2,71.8,0.0
May,15-May,8 AM,41.3,59.2,0.0
May,15-May,9 AM,42.0,56.5,0.0
May,15-May,10 AM,41.7,56.9,0.1
May,15-May,11 AM,43.6,52.9,0.1
May,15-May,12 PM,43.7,52.6,0.3
May,15-May,1 PM,36.3,69.8,0.6
May,15-May,2 PM,34.8,72.3,0.2
May,15-May,3 PM,35.1,72.8,0.2
May,15-May,4 PM,35.7,69.3,0.0
May,15-May,5 PM,36.3,67.1,0.0
May,15-May,6 PM,35.1,70.3,0.0
May,15-May,7 PM,33.8,73.1,0.0
May,15-May,8 PM,33.2,74.9,0.0
May,15-May,9 PM,32.9,76.5,0.0
May,15-May,10 PM,32.6,78.0,0.0
May,15-May,11 PM,32.7,78.4,0.0
May,16-May,12 AM,32.5,78.9,0.0
May,16-May,1 AM,32.4,79.3,0.0
May,16-May,2 AM,32.5,79.8,0.0
May,16-May,3 AM,32.5,79.8,0.0
May,16-May,4 AM,32.6,80.3,0.0
May,16-May,5 AM,32.5,80.4,0.0
May,16-May,6 AM,32.2,82.4,0.1
May,16-May,7 AM,32.3,81.9,0.2
May,16-May,8 AM,33.4,80.8,0.0
May,16-May,9 AM,37.0,73.7,0.0
May,16-May,10 AM,39.6,65.5,0.0
May,16-May,11 AM,41.4,58.1,0.2
May,16-May,12 PM,42.2,55.7,0.4
May,16-May,1 PM,43.7,52.7,0.2
May,16-May,2 PM,43.8,51.7,0.6
May,16-May,3 PM,42.9,53.8,0.2
May,16-May,4 PM,38.0,64.2,0.6
May,16-May,5 PM,30.3,80.1,1.7
May,16-May,6 PM,30.1,79.9,0.3
May,16-May,7 PM,29.0,83.2,0.7
May,16-May,8 PM,29.5,84.6,0.2
May,16-May,9 PM,29.9,84.2,0.1
May,17-May,6 AM,29.8,88.8,0.0
May,17-May,7 AM,30.8,84.7,0.0
May,17-May,8 AM,32.5,82.0,0.0
May,17-May,9 AM,36.5,72.5,0.1
May,17-May,10 AM,38.7,64.8,0.2
May,17-May,11 AM,40.2,60.1,0.1
May,17-May,12 PM,42.2,54.8,0.1
May,17-May,1 PM,43.5,50.7,0.0
May,17-May,2 PM,46.1,45.2,0.0
May,17-May,3 PM,45.0,47.9,0.3
May,17-May,4 PM,42.4,51.9,0.1
May,17-May,5 PM,40.1,56.6,0.1
May,17-May,6 PM,37.8,61.1,0.0
May,17-May,7 PM,35.7,65.4,0.0
May,17-May,8 PM,34.8,69.1,0.0
May,17-May,9 PM,34.0,71.2,0.1
May,17-May,10 PM,33.9,71.5,0.0
May,18-May,7 AM,30.2,86.5,0.0
May,18-May,8 AM,34.6,76.6,0.0
May,18-May,9 AM,38.9,62.2,0.2
May,18-May,10 AM,40.1,57.9,0.2
May,18-May,11 AM,40.7,56.8,0.1
May,18-May,12 PM,41.8,54.6,0.0
May,18-May,1 PM,43.7,50.3,0.1
May,18-May,2 PM,43.6,50.9,0.0
May,18-May,3 PM,43.8,49.7,0.0
May,18-May,4 PM,43.3,50.0,0.0
May,18-May,5 PM,39.1,58.6,0.3
May,18-May,6 PM,35.0,68.6,0.3
May,18-May,7 PM,33.6,73.6,0.3
May,18-May,8 PM,33.1,75.8,0.0
May,18-May,9 PM,32.6,78.0,0.0
May,18-May,10 PM,32.3,79.3,0.0
May,18-May,11 PM,31.9,80.2,0.0
May,19-May,12 AM,31.5,80.8,0.0
May,19-May,7 AM,32.1,85.9,0.1
May,19-May,8 AM,36.0,72.5,0.2
May,19-May,9 AM,38.0,64.0,0.3
May,19-May,10 AM,38.2,63.7,0.1
May,19-May,11 AM,40.5,58.6,0.1
May,19-May,12 PM,40.4,59.6,0.1
May,19-May,1 PM,39.9,62.2,0.1
May,19-May,2 PM,43.2,53.7,0.0
May,19-May,3 PM,42.8,52.3,0.0
May,19-May,4 PM,42.1,51.9,0.1
May,19-May,5 PM,41.2,53.2,0.0
May,19-May,6 PM,39.2,57.6,0.0
May,19-May,7 PM,37.1,62.9,0.0
May,19-May,8 PM,35.7,68.3,0.0
May,19-May,9 PM,35.0,71.0,0.0
May,19-May,10 PM,34.5,70.5,0.0
May,19-May,11 PM,33.8,72.2,0.0
May,20-May,12 AM,33.2,74.0,0.0
May,20-May,6 AM,30.9,86.7,0.1
May,20-May,7 AM,32.9,79.2,0.1
May,20-May,8 AM,34.8,74.8,0.1
May,20-May,9 AM,38.4,65.4,0.1
May,20-May,10 AM,40.9,58.0,0.2
May,20-May,11 AM,42.2,53.6,0.3
May,20-May,12 PM,42.3,52.9,0.5
May,20-May,1 PM,41.9,51.8,0.6
May,20-May,2 PM,43.6,48.5,0.7
May,20-May,3 PM,43.5,47.8,0.5
May,20-May,4 PM,43.0,48.9,0.3
May,20-May,5 PM,40.6,55.4,0.4
May,20-May,6 PM,38.0,59.6,0.4
May,20-May,7 PM,36.8,60.9,0.1
May,20-May,8 PM,35.6,65.4,0.2
May,20-May,9 PM,35.2,66.8,0.0
May,20-May,10 PM,34.8,67.8,0.0
May,20-May,11 PM,33.8,72.7,0.0
May,21-May,12 AM,32.9,76.3,0.1
May,21-May,1 AM,32.6,76.3,0.0
May,21-May,2 AM,32.4,76.5,0.0
May,23-May,3 PM,41.8,53.0,0.1
May,23-May,4 PM,45.0,46.4,0.1
May,23-May,5 PM,44.1,48.1,0.1
May,23-May,6 PM,40.5,53.8,0.0
May,23-May,7 PM,37.3,60.5,0.0
May,23-May,8 PM,35.7,64.7,0.0
May,23-May,9 PM,34.7,68.3,0.0
May,23-May,10 PM,34.1,70.9,0.0
May,23-May,11 PM,33.5,71.7,0.0
May,24-May,12 AM,33.1,73.7,0.0
May,24-May,1 AM,32.9,74.2,0.0
May,24-May,2 AM,32.4,76.1,0.0
May,24-May,3 AM,32.5,76.4,0.0
May,24-May,7 AM,32.9,80.6,0.0
May,24-May,8 AM,36.5,68.8,0.0
May,24-May,9 AM,40.3,59.1,0.1
May,24-May,10 AM,41.6,54.1,0.3
May,24-May,11 AM,41.7,53.2,0.4
May,24-May,12 PM,42.4,51.1,0.4
May,24-May,1 PM,42.0,51.9,0.9
May,24-May,2 PM,42.7,51.1,0.9
May,24-May,3 PM,42.9,51.0,0.6
May,24-May,4 PM,40.9,55.3,0.8
May,24-May,5 PM,41.8,53.5,0.2
May,24-May,6 PM,39.9,57.3,0.0
May,24-May,7 PM,36.4,65.4,0.7
May,24-May,8 PM,33.6,72.2,0.1
May,24-May,9 PM,33.0,72.9,0.0
May,24-May,10 PM,32.5,75.5,0.0
May,24-May,11 PM,32.1,77.5,0.0
May,25-May,12 AM,31.8,78.8,0.0
May,25-May,1 AM,31.8,78.5,0.0
May,25-May,2 AM,31.7,78.2,0.0
May,25-May,3 AM,31.5,78.5,0.0
May,25-May,7 AM,34.6,72.9,0.2
May,25-May,8 AM,38.3,60.8,0.1
May,25-May,9 AM,43.4,49.5,0.1
May,25-May,10 AM,42.8,49.5,0.1
May,25-May,11 AM,41.9,49.8,0.7
May,25-May,12 PM,42.0,49.4,0.7
May,25-May,1 PM,43.2,47.5,0.8
May,25-May,2 PM,44.4,45.5,0.4
May,25-May,3 PM,44.3,45.3,0.5
May,25-May,4 PM,44.5,46.1,0.3
May,25-May,5 PM,43.7,46.5,0.1
May,25-May,6 PM,41.4,54.0,0.0
May,25-May,7 PM,38.7,60.0,0.0
May,25-May,8 PM,36.1,65.2,0.1
May,25-May,9 PM,34.3,68.5,0.2
May,25-May,10 PM,31.3,74.7,0.2
May,25-May,11 PM,30.7,77.4,0.0
May,26-May,12 AM,30.7,77.1,0.0
May,26-May,1 AM,30.6,78.0,0.0
May,26-May,2 AM,30.4,79.5,0.0
May,26-May,7 AM,32.7,82.7,0.0
May,26-May,8 AM,37.9,65.6,0.0
May,26-May,9 AM,40.1,59.0,0.0
May,26-May,10 AM,43.6,51.7,0.1
May,26-May,11 AM,41.7,54.5,0.2
May,26-May,12 PM,42.3,52.6,0.2
May,26-May,1 PM,42.4,50.5,0.4
May,26-May,2 PM,41.7,52.7,0.3
May,26-May,3 PM,41.9,53.8,0.1
May,26-May,4 PM,42.7,53.0,0.0
May,26-May,5 PM,41.5,55.9,0.0
May,26-May,6 PM,39.1,61.0,0.0
May,26-May,7 PM,36.4,66.8,0.1
May,26-May,8 PM,35.1,69.3,0.0
May,26-May,9 PM,34.4,71.6,0.0
May,26-May,10 PM,33.6,74.2,0.0
May,26-May,11 PM,32.9,76.6,0.0
May,27-May,12 AM,32.2,77.9,0.0
May,27-May,1 AM,31.7,79.2,0.0
May,27-May,2 AM,31.5,80.5,0.0
May,27-May,3 AM,31.2,81.6,0.0
May,27-May,4 AM,31.0,81.4,0.0
May,27-May,8 AM,36.6,66.3,0.2
May,27-May,9 AM,42.5,52.4,0.3
May,27-May,10 AM,44.6,47.9,0.9
May,27-May,11 AM,44.6,47.6,0.7
May,27-May,12 PM,43.5,48.4,1.1
May,27-May,1 PM,43.7,47.8,1.0
May,27-May,2 PM,42.9,50.7,0.8
May,27-May,3 PM,39.2,58.7,0.8
May,27-May,4 PM,37.9,58.2,0.1
May,27-May,5 PM,38.6,59.3,0.0
May,27-May,6 PM,37.4,62.6,0.0
May,27-May,7 PM,35.3,66.0,0.0
May,27-May,8 PM,33.9,71.4,0.0
May,27-May,9 PM,32.9,74.4,0.0
May,27-May,10 PM,32.6,75.5,0.0
May,27-May,11 PM,32.0,77.2,0.0
May,28-May,12 AM,31.6,78.8,0.0
May,28-May,1 AM,31.5,77.7,0.0
May,28-May,2 AM,31.4,78.9,0.0
May,28-May,3 AM,31.2,79.9,0.0
May,28-May,4 AM,31.2,80.4,0.0
May,28-May,5 AM,30.9,80.3,0.0
May,28-May,7 AM,36.6,72.9,0.0
May,28-May,8 AM,40.1,61.3,0.0
May,28-May,9 AM,44.3,50.5,0.1
May,28-May,10 AM,46.9,45.8,0.2
May,28-May,11 AM,45.3,46.1,0.2
May,28-May,12 PM,44.5,46.0,0.4
May,28-May,1 PM,45.0,46.0,0.2
May,28-May,2 PM,45.0,48.2,0.3
May,28-May,3 PM,44.6,49.6,0.2
May,28-May,4 PM,43.6,50.0,0.3
May,28-May,5 PM,40.2,56.7,0.2
May,28-May,6 PM,36.2,63.1,0.6
May,28-May,7 PM,31.6,72.8,0.1
May,28-May,8 PM,31.4,74.8,0.0
May,28-May,9 PM,31.3,76.6,0.0
May,28-May,10 PM,31.1,77.8,0.0
May,28-May,11 PM,30.6,80.4,0.1
May,29-May,12 AM,30.4,80.5,0.0
May,29-May,1 AM,30.4,80.5,0.0
May,29-May,2 AM,30.3,80.7,0.0
May,29-May,3 AM,30.4,80.0,0.0
May,29-May,7 AM,30.7,88.5,0.0
May,29-May,8 AM,38.2,66.6,0.0
May,29-May,9 AM,45.0,49.0,0.1
May,29-May,10 AM,46.0,45.0,0.3
May,29-May,11 AM,44.6,47.3,0.2
May,29-May,12 PM,44.1,48.1,0.1
May,29-May,1 PM,44.6,46.2,0.4
May,29-May,2 PM,44.5,47.2,0.2
May,29-May,3 PM,45.3,44.1,0.4
May,29-May,4 PM,45.3,43.6,0.2
May,29-May,5 PM,43.3,49.1,0.2
May,29-May,6 PM,39.6,56.6,0.1
May,29-May,7 PM,37.9,60.6,0.0
May,29-May,8 PM,36.5,65.2,0.0
May,29-May,9 PM,35.9,66.7,0.0
May,29-May,10 PM,35.4,67.4,0.0
May,29-May,11 PM,34.7,70.4,0.0
May,30-May,12 AM,33.7,73.1,0.0
May,30-May,1 AM,33.1,75.2,0.0
May,30-May,2 AM,32.8,75.9,0.0
May,30-May,3 AM,32.2,78.1,0.0
May,30-May,4 AM,31.6,80.1,0.0
May,30-May,5 AM,31.4,80.2,0.0
May,30-May,6 AM,32.1,78.7,0.0
May,30-May,7 AM,36.6,64.3,0.0
May,30-May,8 AM,39.0,55.1,0.1
May,30-May,9 AM,43.9,45.9,0.3
May,30-May,10 AM,47.7,41.1,0.3
May,30-May,11 AM,45.7,43.4,0.5
May,30-May,12 PM,44.8,44.3,0.6
May,30-May,1 PM,45.8,43.1,0.2
May,30-May,2 PM,45.5,43.8,0.4
May,30-May,3 PM,43.9,46.8,0.6
May,30-May,4 PM,44.2,45.9,0.2
May,30-May,5 PM,42.7,48.6,0.0
May,30-May,6 PM,40.6,53.4,0.0
May,30-May,7 PM,38.2,58.2,0.0
May,30-May,8 PM,36.1,63.9,0.1
May,30-May,9 PM,35.1,66.5,0.0
May,30-May,10 PM,34.3,68.7,0.0
May,30-May,11 PM,33.9,70.0,0.0
Jun,1-Jun,12 AM,31.7,78.1,0.0
Jun,1-Jun,1 AM,31.8,77.7,0.0
Jun,1-Jun,2 AM,31.8,78.4,0.0
Jun,1-Jun,3 AM,32.1,78.4,0.0
Jun,1-Jun,4 AM,32.0,79.5,0.0
Jun,1-Jun,5 AM,31.7,80.0,0.0
Jun,1-Jun,8 AM,39.7,63.4,0.1
Jun,1-Jun,9 AM,43.9,54.0,0.0
Jun,1-Jun,10 AM,48.0,45.9,0.0
Jun,1-Jun,11 AM,48.0,44.5,0.0
Jun,1-Jun,12 PM,46.5,45.6,0.2
Jun,1-Jun,1 PM,45.1,47.0,0.2
Jun,1-Jun,2 PM,45.2,46.5,0.0
Jun,1-Jun,3 PM,44.2,49.8,0.0
Jun,1-Jun,4 PM,42.0,54.6,0.0
Jun,1-Jun,5 PM,40.5,58.0,0.0
Jun,1-Jun,6 PM,38.2,62.6,0.0
Jun,1-Jun,7 PM,36.4,65.8,0.0
Jun,1-Jun,8 PM,35.4,68.3,0.0
Jun,1-Jun,9 PM,34.2,72.1,0.0
Jun,1-Jun,10 PM,33.7,72.5,0.0
Jun,1-Jun,11 PM,33.3,73.6,0.0
Jun,2-Jun,12 AM,33.0,75.3,0.0
Jun,2-Jun,1 AM,32.9,76.0,0.0
Jun,2-Jun,2 AM,32.7,76.1,0.0
Jun,2-Jun,3 AM,32.3,76.9,0.0
Jun,2-Jun,4 AM,31.9,78.1,0.0
Jun,2-Jun,5 AM,31.7,79.8,0.0
Jun,2-Jun,6 AM,32.1,79.8,0.0
Jun,2-Jun,7 AM,35.5,72.4,0.0
Jun,2-Jun,8 AM,39.1,63.6,0.0
Jun,2-Jun,9 AM,43.6,53.2,0.1
Jun,2-Jun,10 AM,45.1,47.5,0.1
Jun,2-Jun,11 AM,44.9,46.8,0.1
Jun,2-Jun,12 PM,45.4,44.6,0.1
Jun,2-Jun,1 PM,45.9,43.6,0.2
Jun,2-Jun,2 PM,46.2,43.0,0.1
Jun,2-Jun,3 PM,46.6,43.2,0.1
Jun,2-Jun,4 PM,45.1,46.8,0.2
Jun,2-Jun,5 PM,42.4,50.9,0.3
Jun,2-Jun,6 PM,39.9,54.0,0.0
Jun,2-Jun,7 PM,38.3,58.5,0.0
Jun,2-Jun,8 PM,37.6,60.7,0.0
Jun,3-Jun,7 AM,35.5,73.8,0.2
Jun,3-Jun,8 AM,39.1,63.1,0.0
Jun,3-Jun,9 AM,41.5,56.7,0.1
Jun,3-Jun,10 AM,41.6,55.1,0.1
Jun,3-Jun,11 AM,42.6,52.7,0.0
Jun,3-Jun,12 PM,39.5,55.7,0.6
Jun,3-Jun,1 PM,36.8,62.2,0.1
Jun,3-Jun,2 PM,36.8,62.9,0.1
Jun,3-Jun,3 PM,41.3,55.3,0.2
Jun,3-Jun,4 PM,43.2,50.9,0.1
Jun,3-Jun,5 PM,41.1,54.9,0.1
Jun,3-Jun,6 PM,38.1,61.2,0.0
Jun,3-Jun,7 PM,36.3,65.3,0.0
Jun,3-Jun,8 PM,35.2,68.6,0.0
Jun,3-Jun,9 PM,34.4,71.5,0.0
Jun,3-Jun,10 PM,34.2,71.8,0.0
Jun,3-Jun,11 PM,33.9,73.7,0.0
Jun,4-Jun,12 AM,28.3,94.6,0.1
Jun,5-Jun,9 AM,45.4,51.0,0.0
Jun,5-Jun,10 AM,44.2,49.7,0.0
Jun,5-Jun,11 AM,44.1,49.2,0.1
Jun,5-Jun,12 PM,44.6,48.1,0.1
Jun,5-Jun,1 PM,45.2,46.6,0.2
Jun,5-Jun,2 PM,45.3,45.6,0.2
Jun,5-Jun,3 PM,44.4,47.9,0.0
Jun,5-Jun,4 PM,44.9,46.5,0.1
Jun,5-Jun,5 PM,43.8,48.5,0.4
Jun,5-Jun,6 PM,37.3,57.4,0.4
Jun,5-Jun,7 PM,35.5,61.7,0.0
Jun,5-Jun,8 PM,34.7,65.7,0.0
Jun,5-Jun,9 PM,34.0,68.8,0.1
Jun,5-Jun,10 PM,30.2,80.3,2.0
Jun,5-Jun,11 PM,30.2,78.7,0.2
Jun,6-Jun,12 AM,30.0,81.9,0.4
Jun,6-Jun,1 AM,29.9,80.9,0.4
Jun,6-Jun,2 AM,30.2,79.8,0.0
Jun,6-Jun,3 AM,30.1,80.6,0.0
Jun,6-Jun,4 AM,30.0,80.5,0.0
Jun,6-Jun,8 AM,34.8,71.7,0.0
Jun,6-Jun,9 AM,40.2,58.0,0.4
Jun,6-Jun,10 AM,45.6,46.9,0.5
Jun,6-Jun,11 AM,46.0,45.8,0.5
Jun,6-Jun,12 PM,43.6,45.9,1.2
Jun,6-Jun,1 PM,42.6,46.9,1.1
Jun,6-Jun,2 PM,42.9,46.3,0.8
Jun,6-Jun,3 PM,42.9,46.7,1.2
Jun,6-Jun,4 PM,41.6,48.1,1.3
Jun,6-Jun,5 PM,40.9,48.8,1.1
Jun,6-Jun,6 PM,39.3,52.4,0.2
Jun,6-Jun,7 PM,37.4,58.2,0.0
Jun,6-Jun,8 PM,34.9,63.2,0.5
Jun,6-Jun,9 PM,33.6,66.8,0.0
Jun,6-Jun,10 PM,33.1,68.9,0.0
Jun,6-Jun,11 PM,32.4,71.1,0.0
Jun,7-Jun,12 AM,31.5,74.6,0.0
Jun,7-Jun,1 AM,31.0,76.5,0.0
Jun,7-Jun,2 AM,30.8,77.3,0.0
Jun,7-Jun,3 AM,30.5,78.1,0.0
Jun,7-Jun,4 AM,30.2,78.4,0.0
Jun,7-Jun,11 AM,48.3,40.6,1.5
Jun,7-Jun,12 PM,48.4,41.0,0.4
Jun,7-Jun,1 PM,46.4,42.2,0.8
Jun,7-Jun,2 PM,44.9,42.9,1.3
Jun,7-Jun,3 PM,43.3,44.8,1.9
Jun,8-Jun,5 PM,39.7,51.7,0.8
Jun,8-Jun,6 PM,37.0,55.7,0.0
Jun,9-Jun,9 AM,42.3,54.5,0.0
Jun,9-Jun,10 AM,41.0,56.3,0.0
Jun,9-Jun,11 AM,45.6,46.3,0.0
Jun,9-Jun,2 PM,47.5,43.0,0.0
Jun,9-Jun,3 PM,47.3,42.4,0.0
Jun,9-Jun,4 PM,47.8,41.8,0.1
Jun,9-Jun,5 PM,42.3,50.7,0.0
Jun,10-Jun,6 AM,30.5,88.2,0.0
Jun,10-Jun,7 AM,33.7,79.8,0.0
Jun,10-Jun,8 AM,41.9,60.7,0.0
Jun,10-Jun,11 AM,44.2,47.4,0.6
Jun,10-Jun,12 PM,44.5,45.8,0.9
Jun,10-Jun,1 PM,43.6,47.2,0.0
Jun,10-Jun,4 PM,48.2,40.7,0.2
Jun,10-Jun,5 PM,35.8,58.9,1.4
Jun,10-Jun,6 PM,36.9,57.3,0.9
Jun,11-Jun,1 PM,44.8,44.6,1.7
Jun,11-Jun,2 PM,44.7,44.6,1.1
Jun,11-Jun,3 PM,45.1,43.7,0.9
Jun,13-Jun,7 AM,39.3,63.0,0.0
Jun,13-Jun,8 AM,43.2,54.1,0.0
Jun,13-Jun,9 AM,46.6,48.1,0.0
Jun,13-Jun,10 AM,47.1,45.1,0.0
Jun,13-Jun,11 AM,45.9,45.9,0.4
Jun,13-Jun,12 PM,45.7,45.7,0.2
Jun,14-Jun,6 AM,31.3,85.4,0.0
Jun,14-Jun,7 AM,35.5,73.3,0.0
Jun,14-Jun,8 AM,41.2,58.9,0.0
Jun,14-Jun,9 AM,44.7,51.1,0.0
Jun,14-Jun,10 AM,45.9,46.3,0.0
Jun,14-Jun,11 AM,45.3,46.5,0.0
Jun,15-Jun,2 PM,36.6,59.3,1.4
Jun,15-Jun,3 PM,30.8,77.6,0.0
Jun,15-Jun,4 PM,34.0,69.8,0.1
Jun,15-Jun,5 PM,35.2,66.9,0.1
Jun,15-Jun,6 PM,35.1,67.0,0.0
Jun,16-Jun,6 AM,30.1,89.4,0.0
Jun,16-Jun,7 AM,35.9,74.4,0.0
Jun,16-Jun,8 AM,42.4,56.8,0.1
Jun,16-Jun,9 AM,44.0,52.7,0.1
Jun,16-Jun,10 AM,43.4,50.3,0.0
Jun,16-Jun,12 PM,43.8,47.3,0.1
Jun,16-Jun,2 PM,45.4,45.1,0.6
Jun,16-Jun,3 PM,46.2,43.4,0.3
Jun,16-Jun,4 PM,45.5,43.0,0.2
Jun,16-Jun,5 PM,45.1,43.3,0.2
Jun,17-Jun,9 AM,46.3,48.3,0.1
Jun,17-Jun,10 AM,45.2,50.0,0.0
Jun,17-Jun,12 PM,44.1,49.9,0.0
Jun,17-Jun,2 PM,46.9,43.6,0.1
Jun,18-Jun,12 PM,42.5,55.0,0.7
Jun,19-Jun,6 AM,29.7,89.3,0.5
Jun,19-Jun,7 AM,34.6,77.9,0.2
Jun,19-Jun,8 AM,40.6,63.6,0.3
Jun,19-Jun,10 AM,42.8,54.7,0.0
Jun,20-Jun,7 AM,33.5,76.7,0.5
Jun,20-Jun,8 AM,36.8,66.3,0.5
Jun,20-Jun,9 AM,42.2,52.2,0.3
Jun,21-Jun,6 AM,24.0,100.0,0.4
Jun,21-Jun,9 AM,44.3,47.5,0.3
Jun,21-Jun,10 AM,43.4,49.1,0.8
Jun,21-Jun,11 AM,45.7,50.2,1.0
Jun,21-Jun,12 PM,42.2,50.9,0.5
Jun,21-Jun,2 PM,44.6,45.1,0.8
Jun,21-Jun,3 PM,45.1,45.0,0.1
Jun,22-Jun,6 AM,28.9,91.7,0.1
Jun,22-Jun,7 AM,33.1,79.0,0.2
Jun,22-Jun,8 AM,38.4,64.1,0.0
Jun,22-Jun,9 AM,43.0,54.2,0.0
Jun,22-Jun,12 PM,43.4,49.9,0.1
Jun,22-Jun,1 PM,44.7,48.0,0.3
Jun,22-Jun,2 PM,45.6,46.2,0.2
Jun,22-Jun,3 PM,43.5,48.9,0.8
Jun,22-Jun,4 PM,42.4,52.3,1.6
Jun,22-Jun,5 PM,43.2,52.7,1.5
Jun,22-Jun,6 PM,39.6,60.0,1.4
Jun,22-Jun,7 PM,36.8,64.6,1.3
Jun,22-Jun,8 PM,35.2,68.8,1.4
Jun,22-Jun,9 PM,34.5,71.1,1.4
Jun,22-Jun,10 PM,33.9,72.4,1.4
Jun,22-Jun,11 PM,33.2,73.3,1.4
Jun,23-Jun,12 AM,32.9,73.9,1.2
Jun,23-Jun,1 AM,32.7,75.2,1.1
Jun,23-Jun,2 AM,32.1,77.0,1.0
Jun,23-Jun,3 AM,31.9,78.1,1.3
Jun,23-Jun,4 AM,32.1,77.9,0.8
Jun,23-Jun,5 AM,32.2,77.5,0.6
Jun,23-Jun,6 AM,32.5,77.8,0.5
Jun,23-Jun,7 AM,34.6,73.6,0.6
Jun,23-Jun,8 AM,37.3,65.9,0.8
Jun,23-Jun,9 AM,35.7,66.4,1.7
Jun,23-Jun,10 AM,32.4,75.9,1.5
Jun,23-Jun,11 AM,34.8,70.3,1.3
Jun,23-Jun,12 PM,38.1,61.8,0.8
Jun,23-Jun,1 PM,40.2,56.4,1.8
Jun,23-Jun,2 PM,40.6,56.5,1.6
Jun,23-Jun,3 PM,41.2,55.2,1.7
Jun,23-Jun,4 PM,39.8,58.5,1.6
Jun,23-Jun,5 PM,37.8,64.3,1.1
Jun,23-Jun,6 PM,36.5,67.0,1.2
Jun,23-Jun,7 PM,35.0,70.9,1.0
Jun,23-Jun,8 PM,34.0,74.2,0.9
Jun,23-Jun,9 PM,33.6,74.9,0.5
Jun,23-Jun,10 PM,33.3,74.9,0.7
Jun,23-Jun,11 PM,33.2,75.8,0.7
Jun,24-Jun,12 AM,32.7,77.7,0.7
Jun,24-Jun,1 AM,32.6,78.4,0.7
Jun,24-Jun,2 AM,32.1,79.3,0.6
Jun,24-Jun,3 AM,31.9,79.5,0.5
Jun,24-Jun,4 AM,31.7,79.6,0.7
Jun,24-Jun,5 AM,31.5,80.6,0.9
Jun,24-Jun,6 AM,32.0,80.5,0.9
Jun,24-Jun,7 AM,33.4,78.7,0.8
Jun,24-Jun,8 AM,38.7,64.4,1.0
Jun,24-Jun,9 AM,42.1,54.9,1.6
Jun,24-Jun,10 AM,42.4,52.0,1.8
Jun,24-Jun,11 AM,42.5,52.0,1.8
Jun,24-Jun,12 PM,41.2,55.2,1.8
Jun,24-Jun,1 PM,41.2,55.4,1.8
Jun,24-Jun,2 PM,41.1,55.6,1.9
Jun,24-Jun,3 PM,38.8,60.5,1.8
Jun,24-Jun,4 PM,36.8,64.7,1.9
Jun,24-Jun,5 PM,35.4,66.9,1.8
Jun,24-Jun,6 PM,34.4,68.3,1.7
Jun,24-Jun,7 PM,34.2,68.2,1.5
Jun,24-Jun,8 PM,33.7,68.9,1.7
Jun,24-Jun,9 PM,32.3,69.4,1.6
Jun,24-Jun,10 PM,31.3,74.1,1.2
Jun,24-Jun,11 PM,31.1,75.7,1.1
Jun,25-Jun,12 AM,30.8,76.5,1.1
Jun,25-Jun,1 AM,30.5,77.4,1.0
Jun,25-Jun,2 AM,30.2,77.9,1.0
Jun,25-Jun,3 AM,30.0,78.3,1.0
Jun,25-Jun,4 AM,29.8,79.5,1.0
Jun,25-Jun,5 AM,29.4,80.6,0.9
Jun,25-Jun,6 AM,30.1,79.9,0.8
Jun,25-Jun,7 AM,33.6,72.8,1.0
Jun,25-Jun,8 AM,38.3,61.8,1.3
Jun,25-Jun,9 AM,41.3,54.0,1.6
Jun,25-Jun,10 AM,41.4,52.0,1.7
Jun,25-Jun,11 AM,41.1,52.4,1.8
Jun,25-Jun,12 PM,42.1,49.0,1.9
Jun,25-Jun,1 PM,43.1,46.3,1.9
Jun,25-Jun,2 PM,45.0,44.3,1.9
Jun,25-Jun,3 PM,45.3,43.4,1.9
Jun,25-Jun,4 PM,43.4,46.4,2.0
Jun,25-Jun,5 PM,38.6,58.3,2.0
Jun,25-Jun,6 PM,37.5,60.7,1.8
Jun,25-Jun,7 PM,36.3,64.1,1.7
Jun,25-Jun,8 PM,35.1,67.7,1.5
Jun,25-Jun,9 PM,34.6,69.4,1.4
Jun,25-Jun,10 PM,34.3,70.2,1.4
Jun,25-Jun,11 PM,33.8,71.0,1.3
Jun,26-Jun,12 AM,33.4,72.3,1.2
Jun,26-Jun,1 AM,32.7,74.2,1.1
Jun,26-Jun,2 AM,32.4,74.8,1.1
Jun,26-Jun,3 AM,32.3,75.4,1.0
Jun,26-Jun,4 AM,32.2,76.1,1.0
Jun,26-Jun,5 AM,32.0,76.8,1.0
Jun,26-Jun,6 AM,32.5,76.5,1.0
Jun,26-Jun,7 AM,36.0,69.0,1.3
Jun,26-Jun,8 AM,38.4,62.0,1.6
Jun,26-Jun,9 AM,38.9,60.3,1.6
Jun,26-Jun,10 AM,40.9,56.1,1.6
Jun,26-Jun,11 AM,42.3,51.1,1.8
Jun,26-Jun,12 PM,42.5,50.0,1.9
Jun,26-Jun,1 PM,43.9,47.3,1.9
Jun,26-Jun,2 PM,41.0,50.6,2.3
Jun,26-Jun,3 PM,37.4,61.6,1.8
Jun,26-Jun,4 PM,37.3,61.3,1.8
Jun,26-Jun,5 PM,37.4,61.1,1.7
Jun,26-Jun,6 PM,36.3,64.3,1.5
Jun,26-Jun,7 PM,35.0,67.7,1.4
Jun,26-Jun,8 PM,34.2,70.4,1.3
Jun,26-Jun,9 PM,33.9,72.3,1.2
Jun,26-Jun,10 PM,33.0,74.9,1.2
Jun,26-Jun,11 PM,32.7,74.3,1.1
Jun,27-Jun,12 AM,32.1,76.2,1.1
Jun,27-Jun,1 AM,31.7,76.9,1.1
Jun,27-Jun,2 AM,31.8,77.5,1.0
Jun,27-Jun,3 AM,31.7,77.5,1.0
Jun,27-Jun,4 AM,31.7,77.7,1.0
Jun,27-Jun,5 AM,31.9,77.9,0.9
Jun,27-Jun,6 AM,32.6,76.8,1.0
Jun,27-Jun,7 AM,37.0,66.6,1.4
Jun,27-Jun,8 AM,39.8,59.6,1.5
Jun,27-Jun,9 AM,42.0,54.4,1.6
Jun,27-Jun,10 AM,41.6,52.8,1.9
Jun,27-Jun,11 AM,42.0,51.9,2.0
Jun,27-Jun,12 PM,42.5,50.3,2.0
Jun,27-Jun,1 PM,39.3,56.1,2.6
Jun,27-Jun,2 PM,34.0,68.2,1.7
Jun,27-Jun,3 PM,33.7,70.1,1.5
Jun,27-Jun,4 PM,36.1,65.6,1.5
Jun,27-Jun,5 PM,35.9,64.9,1.6
Jun,27-Jun,6 PM,34.4,69.6,1.5
Jun,27-Jun,7 PM,33.0,74.9,1.3
Jun,27-Jun,8 PM,32.2,76.9,1.2
Jun,27-Jun,9 PM,31.7,77.8,1.2
Jun,27-Jun,10 PM,31.3,77.9,1.2
Jun,27-Jun,11 PM,30.9,78.0,1.2
Jun,28-Jun,12 AM,30.5,78.5,1.1
Jun,28-Jun,1 AM,30.2,79.1,1.1
Jun,28-Jun,2 AM,30.4,79.1,1.0
Jun,28-Jun,3 AM,30.9,78.6,1.0
Jun,28-Jun,4 AM,30.6,79.3,1.0
Jun,28-Jun,5 AM,30.4,79.8,0.9
Jun,28-Jun,6 AM,31.3,79.0,0.9
Jun,28-Jun,7 AM,35.2,72.1,1.1
Jun,28-Jun,8 AM,37.6,66.3,1.2
Jun,28-Jun,9 AM,39.4,61.1,1.5
Jun,28-Jun,10 AM,40.7,58.6,1.7
Jun,28-Jun,11 AM,40.8,56.7,1.8
Jun,28-Jun,12 PM,41.7,54.0,1.9
Jun,28-Jun,1 PM,42.5,52.4,1.9
Jun,28-Jun,2 PM,43.3,50.3,2.1
Jun,28-Jun,3 PM,44.4,48.1,2.0
Jun,28-Jun,4 PM,45.3,46.6,2.0
Jun,28-Jun,5 PM,42.9,49.6,2.1
Jun,28-Jun,6 PM,39.3,55.0,2.4
Jun,28-Jun,7 PM,34.5,61.4,2.2
Jun,28-Jun,8 PM,34.1,64.6,1.9
Jun,28-Jun,9 PM,33.2,68.9,1.7
Jun,28-Jun,10 PM,32.7,70.4,1.6
Jun,28-Jun,11 PM,31.9,73.4,1.4
Jun,29-Jun,12 AM,31.3,75.3,1.3
Jun,29-Jun,1 AM,30.9,76.6,1.1
Jun,29-Jun,2 AM,30.6,78.1,1.1
Jun,29-Jun,3 AM,30.5,78.2,1.1
Jun,29-Jun,4 AM,30.7,78.3,1.1
Jun,29-Jun,5 AM,30.9,78.5,1.0
Jun,29-Jun,6 AM,31.6,77.6,1.0
Jun,29-Jun,7 AM,35.2,71.0,1.1
Jun,29-Jun,8 AM,40.1,59.3,1.5
Jun,29-Jun,9 AM,41.1,54.9,1.9
Jun,29-Jun,10 AM,41.0,54.1,2.2
Jun,29-Jun,11 AM,41.1,53.9,2.2
Jun,29-Jun,12 PM,41.8,51.8,2.3
Jun,29-Jun,1 PM,43.0,50.0,2.1
Jun,29-Jun,2 PM,44.5,47.3,2.0
Jun,29-Jun,3 PM,45.4,45.8,2.0
Jun,29-Jun,4 PM,44.5,47.5,1.9
Jun,29-Jun,5 PM,42.3,52.3,1.9
Jun,29-Jun,6 PM,39.6,57.2,2.0
Jun,29-Jun,7 PM,37.5,60.4,1.9
Jun,29-Jun,8 PM,36.5,63.7,1.8
Jun,29-Jun,9 PM,35.2,63.9,1.8
Jun,29-Jun,10 PM,34.4,63.9,1.8
Jun,29-Jun,11 PM,34.0,66.9,1.8
Jul,1-Jul,12 AM,30.7,80.5,0.2
Jul,1-Jul,1 AM,30.8,80.3,0.0
Jul,1-Jul,2 AM,30.7,81.1,0.0
Jul,1-Jul,3 AM,30.7,81.3,0.0
Jul,1-Jul,4 AM,30.6,81.8,0.0
Jul,1-Jul,5 AM,30.4,82.3,0.0
Jul,1-Jul,6 AM,30.6,82.4,0.0
Jul,1-Jul,7 AM,31.8,80.1,0.0
Jul,1-Jul,8 AM,34.1,74.8,0.1
Jul,1-Jul,9 AM,38.3,63.8,0.4
Jul,1-Jul,10 AM,38.8,61.3,0.7
Jul,1-Jul,11 AM,39.6,58.2,0.9
Jul,1-Jul,12 PM,41.3,54.5,1.2
Jul,1-Jul,1 PM,42.3,50.8,1.6
Jul,1-Jul,2 PM,42.7,49.6,1.6
Jul,1-Jul,3 PM,44.1,46.1,1.8
Jul,1-Jul,4 PM,43.0,46.0,1.8
Jul,1-Jul,5 PM,41.1,52.5,1.5
Jul,1-Jul,6 PM,38.3,60.9,1.4
Jul,1-Jul,7 PM,36.8,63.8,1.3
Jul,1-Jul,8 PM,34.6,69.7,1.9
Jul,1-Jul,9 PM,30.4,78.9,0.5
Jul,1-Jul,10 PM,30.8,78.7,0.1
Jul,1-Jul,11 PM,31.1,78.0,0.1
Jul,2-Jul,12 AM,31.3,78.2,0.1
Jul,2-Jul,1 AM,31.3,78.6,0.0
Jul,2-Jul,2 AM,31.5,79.2,0.0
Jul,2-Jul,3 AM,31.3,80.0,0.0
Jul,2-Jul,4 AM,31.3,81.1,0.0
Jul,2-Jul,5 AM,31.8,80.6,0.0
Jul,2-Jul,6 AM,32.1,80.8,0.0
Jul,2-Jul,7 AM,33.9,77.2,0.1
Jul,2-Jul,8 AM,37.4,66.2,0.7
Jul,2-Jul,9 AM,38.7,61.9,1.0
Jul,2-Jul,10 AM,40.0,58.0,1.2
Jul,2-Jul,11 AM,40.5,56.6,1.5
Jul,2-Jul,12 PM,40.6,55.9,1.7
Jul,2-Jul,1 PM,39.3,58.7,1.4
Jul,2-Jul,2 PM,38.9,59.6,1.3
Jul,2-Jul,3 PM,39.3,59.7,1.4
Jul,2-Jul,4 PM,40.2,56.9,1.7
Jul,2-Jul,5 PM,39.3,57.6,1.6
Jul,2-Jul,6 PM,37.1,63.9,1.3
Jul,2-Jul,7 PM,35.5,68.2,1.6
Jul,2-Jul,8 PM,32.9,72.0,1.7
Jul,2-Jul,9 PM,30.7,77.1,1.0
Jul,2-Jul,10 PM,30.3,79.0,0.6
Jul,2-Jul,11 PM,30.3,80.5,0.5
Jul,3-Jul,12 AM,30.5,80.5,0.5
Jul,3-Jul,1 AM,30.6,81.2,0.5
Jul,3-Jul,2 AM,30.6,81.1,0.5
Jul,3-Jul,3 AM,30.7,81.0,0.6
Jul,3-Jul,4 AM,30.4,81.8,0.6
Jul,3-Jul,5 AM,30.4,82.2,0.6
Jul,3-Jul,6 AM,30.8,80.9,0.6
Jul,3-Jul,7 AM,32.0,80.0,0.6
Jul,3-Jul,8 AM,33.9,76.0,0.7
Jul,3-Jul,9 AM,36.1,70.0,0.8
Jul,3-Jul,10 AM,38.9,62.1,1.0
Jul,3-Jul,11 AM,41.2,55.6,1.3
Jul,3-Jul,12 PM,39.7,58.6,1.4
Jul,3-Jul,1 PM,32.9,76.0,1.0
Jul,3-Jul,2 PM,31.8,79.5,0.9
Jul,3-Jul,3 PM,32.1,80.3,0.7
Jul,3-Jul,4 PM,32.4,80.1,0.8
Jul,3-Jul,5 PM,30.6,81.7,0.8
Jul,3-Jul,6 PM,30.3,82.0,0.6
Jul,3-Jul,7 PM,30.3,82.6,0.5
Jul,3-Jul,8 PM,30.5,82.6,0.5
Jul,3-Jul,9 PM,30.4,83.3,0.4
Jul,3-Jul,10 PM,30.1,83.4,0.4
Jul,3-Jul,11 PM,30.1,83.4,0.4
Jul,4-Jul,12 AM,30.2,83.8,0.3
Jul,4-Jul,1 AM,30.3,83.4,0.2
Jul,4-Jul,2 AM,30.4,83.3,0.2
Jul,4-Jul,3 AM,30.5,83.6,0.1
Jul,4-Jul,4 AM,30.8,83.8,0.0
Jul,4-Jul,5 AM,30.8,83.7,0.0
Jul,4-Jul,6 AM,31.2,83.8,0.0
Jul,4-Jul,7 AM,33.3,81.1,0.0
Jul,4-Jul,8 AM,36.9,74.5,0.3
Jul,4-Jul,9 AM,38.2,68.6,0.7
Jul,4-Jul,10 AM,40.1,61.3,1.1
Jul,4-Jul,11 AM,40.0,59.0,1.2
Jul,4-Jul,12 PM,41.2,55.2,1.5
Jul,4-Jul,1 PM,42.5,52.3,1.6
Jul,4-Jul,2 PM,43.6,51.0,1.6
Jul,4-Jul,3 PM,43.2,51.2,1.8
Jul,4-Jul,4 PM,41.0,54.3,1.9
Jul,4-Jul,5 PM,40.0,56.4,1.7
Jul,4-Jul,6 PM,37.9,60.5,1.5
Jul,4-Jul,7 PM,36.5,64.2,1.3
Jul,4-Jul,8 PM,35.4,67.5,1.2
Jul,4-Jul,9 PM,34.7,71.1,1.0
Jul,4-Jul,10 PM,33.9,73.6,1.0
Jul,4-Jul,11 PM,33.1,76.1,0.9
Jul,5-Jul,12 AM,33.1,75.8,0.9
Jul,5-Jul,1 AM,32.8,76.1,0.9
Jul,5-Jul,2 AM,32.4,77.4,0.8
Jul,5-Jul,3 AM,32.3,78.0,0.7
Jul,5-Jul,4 AM,32.2,78.8,0.7
Jul,5-Jul,5 AM,32.1,79.5,0.6
Jul,5-Jul,6 AM,32.5,79.1,0.6
Jul,5-Jul,7 AM,33.8,75.9,0.9
Jul,5-Jul,8 AM,36.8,68.8,1.1
Jul,5-Jul,9 AM,38.8,63.2,1.2
Jul,5-Jul,10 AM,39.4,61.2,1.3
Jul,5-Jul,11 AM,41.1,57.0,1.5
Jul,5-Jul,12 PM,41.3,56.2,1.5
Jul,5-Jul,1 PM,38.0,67.4,1.3
Jul,5-Jul,2 PM,38.9,67.1,1.2
Jul,5-Jul,3 PM,40.6,61.2,1.7
Jul,5-Jul,4 PM,37.0,65.7,1.9
Jul,5-Jul,5 PM,37.3,65.1,1.4
Jul,5-Jul,6 PM,36.0,69.5,1.3
Jul,5-Jul,7 PM,34.7,72.8,1.2
Jul,5-Jul,8 PM,34.0,75.3,1.1
Jul,5-Jul,9 PM,33.7,77.1,1.0
Jul,5-Jul,10 PM,33.5,78.0,0.9
Jul,5-Jul,11 PM,33.0,78.5,0.8
Jul,6-Jul,12 AM,33.0,79.0,0.8
Jul,6-Jul,1 AM,32.9,78.9,0.8
Jul,6-Jul,2 AM,32.5,79.7,0.7
Jul,6-Jul,3 AM,32.6,79.7,0.7
Jul,6-Jul,4 AM,32.3,80.4,0.6
Jul,6-Jul,5 AM,32.2,80.9,0.6
Jul,6-Jul,6 AM,32.5,81.0,0.5
Jul,6-Jul,7 AM,34.7,76.6,1.0
Jul,6-Jul,8 AM,37.8,65.4,1.2
Jul,6-Jul,9 AM,39.0,60.0,1.4
Jul,6-Jul,10 AM,40.0,56.9,1.5
Jul,6-Jul,11 AM,40.3,55.7,1.6
Jul,6-Jul,12 PM,41.8,52.8,1.6
Jul,6-Jul,1 PM,41.9,52.2,1.7
Jul,6-Jul,2 PM,42.9,50.3,1.7
Jul,6-Jul,3 PM,43.7,49.0,1.7
Jul,6-Jul,4 PM,43.4,49.8,1.7
Jul,6-Jul,5 PM,40.6,54.6,1.7
Jul,6-Jul,6 PM,38.5,61.0,1.5
Jul,6-Jul,7 PM,36.7,66.3,1.4
Jul,6-Jul,8 PM,35.5,70.0,1.3
Jul,6-Jul,9 PM,34.7,72.9,1.2
Jul,6-Jul,10 PM,34.4,74.3,1.1
Jul,6-Jul,11 PM,33.9,76.1,1.1
Jul,7-Jul,12 AM,33.7,76.3,1.0
Jul,7-Jul,1 AM,33.7,75.8,1.0
Jul,7-Jul,2 AM,33.5,77.0,1.0
Jul,7-Jul,3 AM,33.1,77.9,0.9
Jul,7-Jul,4 AM,32.8,78.7,0.8
Jul,7-Jul,5 AM,32.4,79.3,0.8
Jul,7-Jul,6 AM,32.4,79.5,0.8
Jul,7-Jul,7 AM,34.9,74.3,1.0
Jul,7-Jul,8 AM,37.8,63.3,1.4
Jul,7-Jul,9 AM,39.2,58.1,1.5
Jul,7-Jul,10 AM,40.8,54.0,1.7
Jul,7-Jul,11 AM,41.3,52.9,1.7
Jul,7-Jul,12 PM,42.1,51.9,1.7
Jul,7-Jul,1 PM,42.3,50.4,1.8
Jul,7-Jul,2 PM,42.9,49.9,1.8
Jul,7-Jul,3 PM,43.3,49.5,1.8
Jul,7-Jul,4 PM,41.4,53.3,1.8
Jul,7-Jul,5 PM,40.1,56.6,1.7
Jul,7-Jul,6 PM,36.9,64.7,1.9
Jul,7-Jul,7 PM,32.5,74.1,1.4
Jul,7-Jul,8 PM,31.7,78.6,1.3
Jul,7-Jul,9 PM,31.7,78.8,1.0
Jul,7-Jul,10 PM,31.7,80.3,0.9
Jul,7-Jul,11 PM,31.8,80.9,0.9
Jul,8-Jul,12 AM,31.7,81.6,1.2
Jul,8-Jul,1 AM,31.8,80.9,1.2
Jul,8-Jul,2 AM,31.7,81.2,1.2
Jul,8-Jul,3 AM,31.8,81.6,1.0
Jul,8-Jul,4 AM,32.1,81.7,0.6
Jul,8-Jul,5 AM,32.2,81.2,0.7
Jul,8-Jul,6 AM,32.5,80.6,0.7
Jul,8-Jul,7 AM,34.7,75.6,0.9
Jul,8-Jul,8 AM,37.8,65.5,1.1
Jul,8-Jul,9 AM,39.5,61.4,1.2
Jul,8-Jul,10 AM,40.0,58.7,1.3
Jul,8-Jul,11 AM,39.7,58.2,1.6
Jul,8-Jul,12 PM,40.7,55.7,1.8
Jul,8-Jul,1 PM,40.8,55.0,1.8
Jul,8-Jul,2 PM,42.6,50.7,1.8
Jul,8-Jul,3 PM,41.4,53.3,1.8
Jul,8-Jul,4 PM,36.0,62.3,1.7
Jul,8-Jul,5 PM,35.1,66.5,1.5
Jul,8-Jul,6 PM,34.9,68.2,1.5
Jul,8-Jul,7 PM,34.3,70.2,1.7
Jul,8-Jul,8 PM,29.6,85.6,3.0
Jul,8-Jul,9 PM,29.3,82.9,1.1
Jul,8-Jul,10 PM,29.1,83.6,0.9
Jul,8-Jul,11 PM,29.4,83.5,0.7
Jul,9-Jul,12 AM,29.6,83.2,0.7
Jul,9-Jul,1 AM,29.6,83.1,0.6
Jul,9-Jul,2 AM,29.7,83.0,0.6
Jul,9-Jul,3 AM,29.8,82.9,0.3
Jul,9-Jul,4 AM,30.0,82.9,0.2
Jul,9-Jul,5 AM,30.1,83.4,0.1
Jul,9-Jul,6 AM,30.3,83.3,0.0
Jul,9-Jul,7 AM,31.1,83.4,0.0
Jul,9-Jul,8 AM,32.0,82.7,0.0
Jul,9-Jul,9 AM,34.3,79.0,0.2
Jul,9-Jul,10 AM,37.6,68.3,0.8
Jul,9-Jul,11 AM,37.8,65.3,0.9
Jul,9-Jul,12 PM,39.3,61.5,1.1
Jul,9-Jul,1 PM,40.1,58.8,1.3
Jul,9-Jul,2 PM,39.4,61.5,1.3
Jul,9-Jul,3 PM,40.2,58.1,1.5
Jul,9-Jul,4 PM,38.0,65.3,1.3
Jul,9-Jul,5 PM,35.1,72.0,1.5
Jul,9-Jul,6 PM,31.0,79.0,1.0
Jul,9-Jul,7 PM,30.4,81.4,0.7
Jul,9-Jul,8 PM,30.5,81.5,0.6
Jul,9-Jul,9 PM,30.3,81.6,0.6
Jul,9-Jul,10 PM,30.3,81.8,0.6
Jul,9-Jul,11 PM,30.5,82.1,0.5
Jul,10-Jul,12 AM,30.5,82.5,0.5
Jul,10-Jul,1 AM,30.5,82.5,0.5
Jul,10-Jul,2 AM,30.5,82.3,0.5
Jul,10-Jul,3 AM,30.4,82.6,0.5
Jul,10-Jul,4 AM,30.3,83.1,0.5
Jul,10-Jul,5 AM,30.3,83.0,0.4
Jul,10-Jul,6 AM,30.6,82.9,0.4
Jul,10-Jul,7 AM,31.9,81.8,0.4
Jul,10-Jul,8 AM,34.8,75.8,0.8
Jul,10-Jul,9 AM,36.4,69.5,1.0
Jul,10-Jul,10 AM,36.6,66.4,1.2
Jul,10-Jul,11 AM,36.5,66.7,1.3
Jul,10-Jul,12 PM,35.8,69.3,1.4
Jul,10-Jul,1 PM,38.8,58.9,1.7
Jul,10-Jul,2 PM,39.0,54.5,2.2
Jul,10-Jul,3 PM,38.6,54.0,2.1
Jul,10-Jul,4 PM,40.0,53.7,1.8
Jul,10-Jul,5 PM,38.3,57.6,1.6
Jul,10-Jul,6 PM,37.0,62.6,1.4
Jul,10-Jul,7 PM,35.5,66.5,1.3
Jul,10-Jul,8 PM,34.5,69.8,1.3
Jul,10-Jul,9 PM,32.5,76.1,1.5
Jul,10-Jul,10 PM,31.4,79.1,1.1
Jul,10-Jul,11 PM,31.3,79.1,1.1
Jul,11-Jul,12 AM,31.2,79.0,1.1
Jul,11-Jul,1 AM,31.2,78.8,1.0
Jul,11-Jul,2 AM,31.1,79.5,0.9
Jul,11-Jul,3 AM,31.0,79.5,1.0
Jul,11-Jul,4 AM,31.1,79.0,1.0
Jul,11-Jul,5 AM,31.3,78.0,1.0
Jul,11-Jul,6 AM,31.5,76.6,1.2
Jul,11-Jul,7 AM,32.2,74.9,1.3
Jul,11-Jul,8 AM,34.1,69.1,1.9
Jul,11-Jul,9 AM,36.3,63.2,1.9
Jul,11-Jul,10 AM,36.9,62.0,1.6
Jul,11-Jul,11 AM,37.6,60.9,1.6
Jul,11-Jul,12 PM,38.4,60.6,1.5
Jul,11-Jul,1 PM,38.3,59.7,1.8
Jul,11-Jul,2 PM,38.7,57.9,2.0
Jul,11-Jul,3 PM,39.0,57.5,1.8
Jul,11-Jul,4 PM,36.7,61.9,2.0
Jul,11-Jul,5 PM,32.1,74.8,2.7
Jul,11-Jul,6 PM,30.5,79.7,1.3
Jul,11-Jul,7 PM,30.7,79.7,1.1
Jul,11-Jul,8 PM,30.9,80.4,1.1
Jul,11-Jul,9 PM,31.0,81.2,1.0
Jul,11-Jul,10 PM,31.1,81.4,0.9
Jul,11-Jul,11 PM,31.1,82.0,0.9
Jul,12-Jul,12 AM,31.1,82.0,0.9
Jul,12-Jul,1 AM,31.1,82.2,0.8
Jul,12-Jul,2 AM,31.0,82.5,0.8
Jul,12-Jul,3 AM,30.8,82.5,0.8
Jul,12-Jul,4 AM,30.6,82.4,0.8
Jul,12-Jul,5 AM,30.6,81.5,0.8
Jul,12-Jul,6 AM,30.8,80.8,0.8
Jul,12-Jul,7 AM,31.7,79.9,0.9
Jul,12-Jul,8 AM,33.0,77.7,0.9
Jul,12-Jul,9 AM,34.2,71.6,1.3
Jul,12-Jul,10 AM,35.1,68.2,1.5
Jul,12-Jul,11 AM,36.0,65.8,1.8
Jul,12-Jul,12 PM,34.9,71.6,1.7
Jul,12-Jul,1 PM,36.3,64.6,2.2
Jul,12-Jul,2 PM,37.8,60.1,2.1
Jul,12-Jul,3 PM,35.2,65.0,2.3
Jul,12-Jul,4 PM,33.2,72.5,2.3
Jul,12-Jul,5 PM,32.8,74.2,1.9
Jul,12-Jul,6 PM,32.6,76.1,1.3
Jul,12-Jul,7 PM,31.9,78.4,1.3
Jul,12-Jul,8 PM,31.6,79.7,1.2
Jul,12-Jul,9 PM,31.5,80.4,1.1
Jul,12-Jul,10 PM,31.4,79.9,1.1
Jul,12-Jul,11 PM,31.2,79.4,1.1
Jul,13-Jul,12 AM,30.9,79.7,1.1
Jul,13-Jul,1 AM,30.7,80.3,1.0
Jul,13-Jul,2 AM,30.8,80.4,1.0
Jul,13-Jul,3 AM,30.9,80.3,1.1
Jul,13-Jul,4 AM,30.8,80.3,1.0
Jul,13-Jul,5 AM,30.4,80.1,1.0
Jul,13-Jul,6 AM,30.2,80.5,1.0
Jul,13-Jul,7 AM,30.8,79.6,1.0
Jul,13-Jul,8 AM,31.2,78.4,1.0
Jul,13-Jul,9 AM,30.3,81.6,1.2
Jul,13-Jul,10 AM,30.2,83.0,1.5
Jul,13-Jul,11 AM,30.7,81.4,1.8
Jul,13-Jul,12 PM,31.7,77.4,1.7
Jul,13-Jul,1 PM,33.1,73.2,1.6
Jul,13-Jul,2 PM,36.5,65.7,1.7
Jul,13-Jul,3 PM,36.5,64.2,1.9
Jul,13-Jul,4 PM,36.0,63.8,1.9
Jul,13-Jul,5 PM,34.8,65.7,2.1
Jul,13-Jul,6 PM,33.7,68.2,2.2
Jul,13-Jul,7 PM,32.9,68.6,2.4
Jul,13-Jul,8 PM,32.4,68.4,2.0
Jul,13-Jul,9 PM,32.0,70.6,1.5
Jul,13-Jul,10 PM,31.5,73.6,1.5
Jul,13-Jul,11 PM,31.1,75.5,1.4
Jul,14-Jul,12 AM,30.9,76.5,1.4
Jul,14-Jul,1 AM,30.8,77.1,1.4
Jul,14-Jul,2 AM,30.6,77.6,1.3
Jul,14-Jul,3 AM,30.1,78.8,1.3
Jul,14-Jul,4 AM,29.8,79.6,1.3
Jul,14-Jul,5 AM,29.8,80.0,1.2
Jul,14-Jul,6 AM,30.1,80.3,1.2
Jul,14-Jul,7 AM,31.9,76.5,1.3
Jul,14-Jul,8 AM,33.9,70.7,1.4
Jul,14-Jul,9 AM,37.8,60.7,1.6
Jul,14-Jul,10 AM,37.2,59.7,1.7
Jul,14-Jul,11 AM,39.5,56.2,1.7
Jul,14-Jul,12 PM,38.8,57.3,1.7
Jul,14-Jul,1 PM,39.5,56.4,1.8
Jul,14-Jul,2 PM,42.1,51.9,1.8
Jul,14-Jul,3 PM,42.6,51.0,1.9
Jul,14-Jul,4 PM,42.9,50.2,1.9
Jul,14-Jul,5 PM,42.0,51.9,1.9
Jul,14-Jul,6 PM,39.7,56.3,1.8
Jul,14-Jul,7 PM,36.0,64.2,2.1
Jul,14-Jul,8 PM,32.1,77.8,1.6
Jul,14-Jul,9 PM,31.8,77.9,1.6
Jul,14-Jul,10 PM,31.4,80.0,1.4
Jul,14-Jul,11 PM,31.1,81.4,1.3
Jul,15-Jul,12 AM,31.3,81.0,1.3
Jul,15-Jul,1 AM,31.0,81.6,1.3
Jul,15-Jul,2 AM,30.7,81.7,1.2
Jul,15-Jul,3 AM,30.6,82.1,1.2
Jul,15-Jul,4 AM,30.1,82.8,1.2
Jul,15-Jul,5 AM,30.2,83.3,1.1
Jul,15-Jul,6 AM,30.6,83.5,1.1
Jul,15-Jul,7 AM,31.9,82.1,1.1
Jul,15-Jul,8 AM,35.9,73.5,1.3
Jul,15-Jul,9 AM,38.5,64.9,1.5
Jul,15-Jul,10 AM,39.6,60.4,1.6
Jul,15-Jul,11 AM,41.2,56.5,1.7
Jul,15-Jul,12 PM,42.3,53.4,1.7
Jul,15-Jul,1 PM,43.1,51.0,1.8
Jul,15-Jul,2 PM,44.5,47.8,1.8
Jul,15-Jul,3 PM,43.6,50.8,1.9
Jul,15-Jul,4 PM,38.7,58.5,1.9
Jul,15-Jul,5 PM,38.8,59.4,1.9
Jul,15-Jul,6 PM,37.0,63.0,1.8
Jul,15-Jul,7 PM,35.4,67.8,1.7
Jul,15-Jul,8 PM,34.3,71.4,1.7
Jul,15-Jul,9 PM,34.0,72.7,1.8
Jul,15-Jul,10 PM,33.6,74.8,1.8
Jul,15-Jul,11 PM,33.4,75.5,1.8
Jul,16-Jul,12 AM,33.0,76.7,1.7
Jul,16-Jul,1 AM,32.6,77.6,1.5
Jul,16-Jul,2 AM,32.3,78.3,1.4
Jul,16-Jul,3 AM,31.9,79.3,1.4
Jul,16-Jul,4 AM,31.5,80.2,1.3
Jul,16-Jul,5 AM,31.5,80.6,1.3
Jul,16-Jul,6 AM,32.2,80.2,1.2
Jul,16-Jul,7 AM,34.6,75.3,1.4
Jul,16-Jul,8 AM,36.7,69.0,1.7
Jul,16-Jul,9 AM,36.9,68.4,1.7
Jul,16-Jul,10 AM,39.6,62.3,1.8
Jul,16-Jul,11 AM,41.7,56.5,1.8
Jul,16-Jul,12 PM,42.5,54.3,1.8
Jul,16-Jul,1 PM,43.0,53.0,1.9
Jul,16-Jul,2 PM,44.8,49.6,1.9
Jul,16-Jul,3 PM,40.4,59.4,1.9
Jul,16-Jul,4 PM,40.9,56.8,1.8
Jul,16-Jul,5 PM,41.5,54.5,1.8
Jul,16-Jul,6 PM,38.1,61.9,1.8
Jul,16-Jul,7 PM,36.0,69.1,1.8
Jul,16-Jul,8 PM,35.0,73.0,1.7
Jul,16-Jul,9 PM,34.5,74.4,1.7
Jul,16-Jul,10 PM,34.4,74.9,1.7
Jul,16-Jul,11 PM,33.9,76.3,1.7
Jul,17-Jul,12 AM,33.5,76.7,1.6
Jul,17-Jul,1 AM,32.9,76.3,1.9
Jul,17-Jul,2 AM,31.8,77.1,1.6
Jul,17-Jul,3 AM,31.5,77.6,1.6
Jul,17-Jul,4 AM,31.1,79.3,1.8
Jul,17-Jul,5 AM,30.9,80.0,1.8
Jul,17-Jul,6 AM,31.4,79.6,1.8
Jul,17-Jul,7 AM,35.5,70.9,1.7
Jul,17-Jul,8 AM,39.1,61.1,1.7
Jul,17-Jul,9 AM,40.4,56.1,1.8
Jul,17-Jul,10 AM,39.6,57.0,1.9
Jul,17-Jul,11 AM,39.7,56.5,2.0
Jul,17-Jul,12 PM,40.9,53.9,2.0
Jul,17-Jul,1 PM,42.5,51.2,1.9
Jul,17-Jul,2 PM,43.2,49.5,2.0
Jul,17-Jul,3 PM,43.5,48.9,2.0
Jul,17-Jul,4 PM,44.9,47.2,1.9
Jul,17-Jul,5 PM,41.8,53.2,1.9
Jul,17-Jul,6 PM,39.0,59.7,1.9
Jul,17-Jul,7 PM,37.0,63.7,1.9
Jul,17-Jul,8 PM,35.9,68.1,1.8
Jul,17-Jul,9 PM,35.0,69.5,2.0
Jul,17-Jul,10 PM,34.1,70.0,1.8
Jul,17-Jul,11 PM,33.4,71.8,1.9
Jul,18-Jul,12 AM,32.8,74.3,1.8
Jul,18-Jul,1 AM,32.4,76.3,1.9
Jul,18-Jul,2 AM,32.0,78.1,1.9
Jul,18-Jul,3 AM,31.8,78.2,1.9
Jul,18-Jul,4 AM,31.7,77.9,1.9
Jul,18-Jul,5 AM,31.9,79.0,1.5
Jul,18-Jul,6 AM,32.3,78.1,1.5
Jul,18-Jul,7 AM,35.1,72.1,1.6
Jul,18-Jul,8 AM,38.3,64.4,1.8
Jul,18-Jul,9 AM,39.3,60.0,1.9
Jul,18-Jul,10 AM,39.4,59.1,2.0
Jul,18-Jul,11 AM,40.0,57.0,2.1
Jul,18-Jul,12 PM,41.3,53.6,2.0
Jul,18-Jul,1 PM,42.1,51.3,2.1
Jul,18-Jul,2 PM,43.4,49.5,2.0
Jul,18-Jul,3 PM,43.7,48.9,2.0
Jul,18-Jul,4 PM,44.2,47.9,2.0
Jul,18-Jul,5 PM,43.0,51.1,1.9
Jul,18-Jul,6 PM,41.5,55.5,1.9
Jul,18-Jul,7 PM,38.5,62.5,1.9
Jul,18-Jul,8 PM,37.3,66.6,1.9
Jul,18-Jul,9 PM,36.6,68.7,1.9
Jul,18-Jul,10 PM,35.7,71.7,1.8
Jul,18-Jul,11 PM,35.0,73.4,1.8
Jul,19-Jul,12 AM,34.7,74.8,1.8
Jul,19-Jul,1 AM,34.5,75.9,1.7
Jul,19-Jul,2 AM,34.3,76.5,1.7
Jul,19-Jul,3 AM,34.0,76.9,1.7
Jul,19-Jul,4 AM,33.6,76.8,1.7
Jul,19-Jul,5 AM,33.0,78.0,1.6
Jul,19-Jul,6 AM,33.2,77.9,1.6
Jul,19-Jul,7 AM,37.0,70.6,1.6
Jul,19-Jul,8 AM,40.1,57.0,1.9
Jul,19-Jul,9 AM,41.4,53.0,1.9
Jul,19-Jul,10 AM,41.6,52.9,2.0
Jul,19-Jul,11 AM,42.2,51.9,1.9
Jul,19-Jul,12 PM,43.3,50.2,2.0
Jul,19-Jul,1 PM,43.1,50.4,2.0
Jul,19-Jul,2 PM,43.1,50.9,1.9
Jul,19-Jul,3 PM,43.0,51.5,1.9
Jul,19-Jul,4 PM,42.8,52.7,1.9
Jul,19-Jul,5 PM,41.8,55.8,1.9
Jul,19-Jul,6 PM,38.9,61.2,2.0
Jul,19-Jul,7 PM,37.0,64.8,2.2
Jul,19-Jul,8 PM,34.8,68.9,2.6
Jul,19-Jul,9 PM,32.9,76.7,2.8
Jul,19-Jul,10 PM,31.7,81.2,2.2
Jul,19-Jul,11 PM,30.4,80.9,2.1
Jul,20-Jul,12 AM,30.5,81.1,2.0
Jul,20-Jul,1 AM,30.5,81.0,2.0
Jul,20-Jul,2 AM,30.6,81.8,1.6
Jul,20-Jul,3 AM,30.5,81.9,1.9
Jul,20-Jul,4 AM,30.6,82.6,1.9
Jul,20-Jul,5 AM,30.9,82.2,1.9
Jul,20-Jul,6 AM,31.4,81.8,1.9
Jul,20-Jul,7 AM,34.9,75.9,1.9
Jul,20-Jul,8 AM,38.5,66.5,1.8
Jul,20-Jul,9 AM,40.8,59.4,1.7
Jul,20-Jul,10 AM,41.2,57.1,1.7
Jul,20-Jul,11 AM,41.4,55.6,1.9
Jul,20-Jul,12 PM,41.2,55.4,2.0
Jul,20-Jul,1 PM,40.1,58.6,1.9
Jul,20-Jul,2 PM,40.1,58.5,1.8
Jul,20-Jul,3 PM,38.9,63.3,1.8
Jul,20-Jul,4 PM,40.6,60.9,1.8
Jul,20-Jul,5 PM,41.1,58.6,1.8
Jul,20-Jul,6 PM,36.8,65.0,2.5
Jul,20-Jul,7 PM,31.8,72.6,2.8
Jul,20-Jul,8 PM,32.0,74.2,1.9
Jul,20-Jul,9 PM,30.9,79.5,2.1
Jul,20-Jul,10 PM,29.8,82.7,1.7
Jul,20-Jul,11 PM,30.1,81.6,2.0
Jul,21-Jul,12 AM,30.0,82.5,1.9
Jul,21-Jul,1 AM,30.2,82.4,1.9
Jul,21-Jul,2 AM,30.3,82.4,1.9
Jul,21-Jul,3 AM,30.3,82.8,1.9
Jul,21-Jul,4 AM,30.3,83.6,1.4
Jul,21-Jul,5 AM,30.3,83.4,1.2
Jul,21-Jul,6 AM,30.5,82.8,1.2
Jul,21-Jul,7 AM,31.5,82.7,1.4
Jul,21-Jul,8 AM,34.6,76.4,1.7
Jul,21-Jul,9 AM,35.7,71.6,1.6
Jul,21-Jul,10 AM,36.0,69.0,1.7
Jul,21-Jul,11 AM,37.0,66.0,1.7
Jul,21-Jul,12 PM,37.5,62.6,1.9
Jul,21-Jul,1 PM,34.9,70.2,2.3
Jul,21-Jul,2 PM,31.9,79.5,1.6
Jul,21-Jul,3 PM,32.7,78.8,1.6
Jul,21-Jul,4 PM,33.2,77.1,1.6
Jul,21-Jul,5 PM,33.3,76.8,1.5
Jul,21-Jul,6 PM,32.8,78.1,1.5
Jul,21-Jul,7 PM,32.1,80.7,1.6
Jul,21-Jul,8 PM,31.8,80.4,1.5
Jul,21-Jul,9 PM,31.5,80.3,1.6
Jul,21-Jul,10 PM,31.2,81.9,1.5
Jul,21-Jul,11 PM,31.2,81.8,1.5
Jul,22-Jul,12 AM,31.2,81.4,1.6
Jul,22-Jul,1 AM,31.3,81.0,1.6
Jul,22-Jul,2 AM,31.0,81.9,1.6
Jul,22-Jul,3 AM,30.8,82.5,1.9
Jul,22-Jul,4 AM,30.7,82.9,1.9
Jul,22-Jul,5 AM,30.7,83.2,1.8
Jul,22-Jul,6 AM,30.9,83.6,1.2
Jul,22-Jul,7 AM,32.2,80.9,1.8
Jul,22-Jul,8 AM,33.9,76.0,1.5
Jul,22-Jul,9 AM,36.7,67.6,1.6
Jul,22-Jul,10 AM,38.7,62.2,1.7
Jul,22-Jul,11 AM,39.2,59.6,1.8
Jul,22-Jul,12 PM,39.9,56.8,1.9
Jul,22-Jul,1 PM,39.3,59.3,1.8
Jul,22-Jul,2 PM,36.9,64.3,2.4
Jul,22-Jul,3 PM,35.1,68.7,2.3
Jul,22-Jul,4 PM,37.0,65.9,1.9
Jul,22-Jul,5 PM,37.4,66.0,1.8
Jul,22-Jul,6 PM,35.4,69.8,2.0
Jul,22-Jul,7 PM,33.3,74.6,2.0
Jul,22-Jul,8 PM,32.5,77.0,1.8
Jul,22-Jul,9 PM,32.5,76.8,1.7
Jul,22-Jul,10 PM,32.4,77.7,1.7
Jul,22-Jul,11 PM,32.0,79.2,1.7
Jul,23-Jul,12 AM,32.1,79.1,1.7
Jul,23-Jul,1 AM,31.7,79.9,1.7
Jul,23-Jul,2 AM,31.5,80.1,1.7
Jul,23-Jul,3 AM,31.5,80.2,1.6
Jul,23-Jul,4 AM,31.3,80.6,1.6
Jul,23-Jul,5 AM,30.9,81.6,1.5
Jul,23-Jul,6 AM,31.2,81.6,1.5
Jul,23-Jul,7 AM,35.6,71.5,1.7
Jul,23-Jul,8 AM,39.8,60.4,1.7
Jul,23-Jul,9 AM,39.7,59.6,1.8
Jul,23-Jul,10 AM,40.7,57.4,1.8
Jul,23-Jul,11 AM,41.0,56.1,1.9
Jul,23-Jul,12 PM,42.4,52.2,1.9
Jul,23-Jul,1 PM,43.3,50.1,1.9
Jul,23-Jul,2 PM,39.4,58.4,2.1
Jul,23-Jul,3 PM,36.3,67.0,2.0
Jul,23-Jul,4 PM,36.0,67.4,1.9
Jul,23-Jul,5 PM,35.8,69.3,1.8
Jul,23-Jul,6 PM,34.8,71.8,1.9
Jul,23-Jul,7 PM,33.9,73.2,1.9
Jul,23-Jul,8 PM,32.9,76.6,1.9
Jul,23-Jul,9 PM,32.3,77.3,1.9
Jul,23-Jul,10 PM,32.1,77.0,1.9
Jul,23-Jul,11 PM,31.6,78.3,1.8
Jul,24-Jul,12 AM,31.1,79.5,1.7
Jul,24-Jul,1 AM,30.7,80.4,1.7
Jul,24-Jul,2 AM,30.4,81.0,1.7
Jul,24-Jul,3 AM,30.2,81.6,1.8
Jul,24-Jul,4 AM,30.0,81.3,1.9
Jul,24-Jul,5 AM,29.7,82.3,1.8
Jul,24-Jul,6 AM,30.1,82.4,1.5
Jul,24-Jul,7 AM,35.3,71.3,1.9
Jul,24-Jul,8 AM,38.7,62.7,1.7
Jul,24-Jul,9 AM,41.8,54.4,1.8
Jul,24-Jul,10 AM,42.6,51.1,1.9
Jul,24-Jul,11 AM,43.2,50.1,1.9
Jul,24-Jul,12 PM,42.6,50.9,2.0
Jul,24-Jul,1 PM,43.2,49.6,2.0
Jul,24-Jul,2 PM,42.6,52.2,2.0
Jul,24-Jul,3 PM,37.8,64.6,2.1
Jul,24-Jul,4 PM,37.6,63.4,2.1
Jul,24-Jul,5 PM,37.3,62.0,2.3
Jul,24-Jul,6 PM,34.8,65.8,2.5
Jul,24-Jul,7 PM,34.0,68.0,2.0
Jul,24-Jul,8 PM,33.2,70.8,2.0
Jul,24-Jul,9 PM,32.6,72.6,2.0
Jul,24-Jul,10 PM,32.0,75.3,2.1
Jul,24-Jul,11 PM,31.8,75.9,2.1
Jul,25-Jul,12 AM,31.5,77.2,2.1
Jul,25-Jul,1 AM,31.0,78.8,1.9
Jul,25-Jul,2 AM,30.8,79.3,1.7
Jul,25-Jul,3 AM,30.6,80.5,1.7
Jul,25-Jul,4 AM,30.3,80.9,1.7
Jul,25-Jul,5 AM,30.0,80.5,1.7
Jul,25-Jul,6 AM,30.4,79.7,1.7
Jul,25-Jul,7 AM,36.0,67.6,1.7
Jul,25-Jul,8 AM,40.0,57.9,1.8
Jul,25-Jul,9 AM,42.5,52.1,1.9
Jul,25-Jul,10 AM,42.8,49.6,1.9
Jul,25-Jul,11 AM,43.1,49.8,1.9
Jul,25-Jul,12 PM,42.8,51.7,2.0
Jul,25-Jul,1 PM,43.7,49.4,2.0
Jul,25-Jul,2 PM,45.1,46.8,1.9
Jul,25-Jul,3 PM,46.9,43.0,1.9
Jul,25-Jul,4 PM,47.4,42.1,1.9
Jul,25-Jul,5 PM,45.3,47.0,1.9
Jul,25-Jul,6 PM,40.4,57.4,2.0
Jul,25-Jul,7 PM,37.6,63.9,2.0
Jul,25-Jul,8 PM,36.1,68.1,2.0
Jul,25-Jul,9 PM,35.1,72.1,2.0
Jul,25-Jul,10 PM,34.6,73.5,1.9
Jul,25-Jul,11 PM,33.9,75.1,1.9
Jul,26-Jul,12 AM,33.3,76.6,1.9
Jul,26-Jul,1 AM,33.0,76.9,1.9
Jul,26-Jul,2 AM,32.6,77.7,1.9
Jul,26-Jul,3 AM,32.6,78.0,1.8
Jul,26-Jul,4 AM,32.1,78.8,1.8
Jul,26-Jul,5 AM,32.0,80.1,1.8
Jul,26-Jul,6 AM,32.1,80.2,1.8
Jul,26-Jul,7 AM,37.4,69.8,1.8
Jul,26-Jul,8 AM,40.8,59.9,1.9
Jul,26-Jul,9 AM,42.1,54.4,1.9
Jul,26-Jul,10 AM,42.6,53.3,1.9
Jul,26-Jul,11 AM,42.5,53.9,2.0
Jul,26-Jul,12 PM,43.0,52.4,2.0
Jul,26-Jul,1 PM,43.4,51.6,2.1
Jul,26-Jul,2 PM,40.4,56.6,2.1
Jul,26-Jul,3 PM,38.8,60.4,2.0
Jul,26-Jul,4 PM,37.9,63.3,2.1
Jul,26-Jul,5 PM,37.4,64.4,2.0
Jul,26-Jul,6 PM,36.0,67.5,2.0
Jul,26-Jul,7 PM,35.0,69.5,2.0
Jul,26-Jul,8 PM,34.3,72.3,2.0
Jul,26-Jul,9 PM,33.7,73.8,2.0
Jul,26-Jul,10 PM,33.2,75.7,2.1
Jul,26-Jul,11 PM,32.7,77.1,1.9
Jul,27-Jul,12 AM,32.4,75.9,1.9
Jul,27-Jul,1 AM,32.2,76.1,1.9
Jul,27-Jul,2 AM,32.2,76.8,1.9
Jul,27-Jul,3 AM,31.7,78.6,2.0
Jul,27-Jul,4 AM,31.4,79.2,2.2
Jul,27-Jul,5 AM,31.2,79.6,2.2
Jul,27-Jul,6 AM,31.7,79.0,2.2
Jul,27-Jul,7 AM,34.6,74.4,2.0
Jul,27-Jul,8 AM,39.4,63.4,1.9
Jul,27-Jul,9 AM,41.5,56.2,1.9
Jul,27-Jul,10 AM,42.1,54.3,1.9
Jul,27-Jul,11 AM,43.0,52.7,1.9
Jul,27-Jul,12 PM,42.9,52.6,2.0
Jul,27-Jul,1 PM,43.8,51.2,2.0
Jul,27-Jul,2 PM,45.1,48.4,2.0
Jul,27-Jul,3 PM,39.4,52.7,2.2
Jul,27-Jul,4 PM,35.7,59.7,2.4
Jul,27-Jul,5 PM,35.3,63.2,2.2
Jul,27-Jul,6 PM,34.7,65.6,2.1
Jul,27-Jul,7 PM,33.4,68.1,2.9
Jul,27-Jul,8 PM,33.2,69.1,2.8
Jul,27-Jul,9 PM,32.9,70.6,2.8
Jul,27-Jul,10 PM,32.6,71.8,2.8
Jul,27-Jul,11 PM,32.4,73.1,2.8
Jul,28-Jul,12 AM,32.0,74.5,2.9
Jul,28-Jul,1 AM,31.3,76.5,2.9
Jul,28-Jul,2 AM,31.0,77.8,2.9
Jul,28-Jul,3 AM,30.7,78.6,2.9
Jul,28-Jul,4 AM,30.5,78.7,2.9
Jul,28-Jul,5 AM,30.3,79.1,2.9
Jul,28-Jul,6 AM,30.5,78.4,2.7
Jul,28-Jul,7 AM,33.4,73.1,2.0
Jul,28-Jul,8 AM,39.1,61.3,1.9
Jul,28-Jul,9 AM,39.8,58.2,1.9
Jul,28-Jul,10 AM,40.3,56.2,2.0
Jul,28-Jul,11 AM,42.5,52.8,2.0
Jul,28-Jul,12 PM,42.7,51.5,2.0
Jul,28-Jul,1 PM,43.4,49.7,2.1
Jul,28-Jul,2 PM,44.1,47.9,2.1
Jul,28-Jul,3 PM,41.6,55.8,2.1
Jul,28-Jul,4 PM,40.2,58.9,2.1
Jul,28-Jul,5 PM,40.3,57.6,2.1
Jul,28-Jul,6 PM,38.7,61.6,2.0
Jul,28-Jul,7 PM,36.8,65.2,2.0
Jul,28-Jul,8 PM,35.7,69.3,2.0
Jul,28-Jul,9 PM,34.5,74.5,2.0
Jul,28-Jul,10 PM,33.6,77.4,1.9
Jul,28-Jul,11 PM,32.5,78.5,1.9
Jul,29-Jul,12 AM,32.1,78.9,1.8
Jul,29-Jul,1 AM,31.5,79.7,1.8
Jul,29-Jul,2 AM,31.5,79.3,1.8
Jul,29-Jul,3 AM,31.8,78.3,1.9
Jul,29-Jul,4 AM,31.7,78.6,1.9
Jul,29-Jul,5 AM,31.5,79.9,1.9
Jul,29-Jul,6 AM,31.8,79.9,1.8
Jul,29-Jul,7 AM,34.2,75.9,1.9
Jul,29-Jul,8 AM,38.3,64.4,1.9
Jul,29-Jul,9 AM,39.8,60.2,2.0
Jul,29-Jul,10 AM,41.9,54.1,1.9
Jul,29-Jul,11 AM,42.3,51.3,2.0
Jul,29-Jul,12 PM,42.8,50.0,2.0
Jul,29-Jul,1 PM,43.7,49.9,2.0
Jul,29-Jul,2 PM,44.5,48.4,2.0
Jul,29-Jul,3 PM,46.6,44.9,1.9
Jul,29-Jul,4 PM,45.2,47.3,2.0
Jul,29-Jul,5 PM,42.9,51.3,2.0
Jul,29-Jul,6 PM,39.7,57.8,2.0
Jul,29-Jul,7 PM,37.8,62.7,2.0
Jul,29-Jul,8 PM,36.4,66.2,2.0
Jul,29-Jul,9 PM,35.7,68.8,2.0
Jul,29-Jul,10 PM,35.0,71.7,2.0
Jul,29-Jul,11 PM,34.2,73.5,2.1
Jul,30-Jul,12 AM,33.8,75.3,2.0
Jul,30-Jul,1 AM,33.1,77.4,2.0
Jul,30-Jul,2 AM,32.6,76.7,2.0
Jul,30-Jul,3 AM,32.2,77.7,2.0
Jul,30-Jul,4 AM,32.1,78.5,2.0
Jul,30-Jul,5 AM,32.0,78.3,2.0
Jul,30-Jul,6 AM,32.4,77.8,2.0
Jul,30-Jul,7 AM,33.9,75.7,2.0
Jul,30-Jul,8 AM,37.0,68.0,2.0
Jul,30-Jul,9 AM,40.6,59.0,1.9
Jul,30-Jul,10 AM,41.4,56.9,2.0
Jul,30-Jul,11 AM,42.1,54.6,2.0
Jul,30-Jul,12 PM,43.3,51.4,2.0
Jul,30-Jul,1 PM,42.6,53.5,1.9
Jul,30-Jul,2 PM,42.1,53.6,2.1
Jul,30-Jul,3 PM,41.6,53.3,2.0
Jul,30-Jul,4 PM,41.8,52.7,2.0
Jul,30-Jul,5 PM,40.0,57.5,2.0
Jul,30-Jul,6 PM,37.9,61.0,2.1
Jul,30-Jul,7 PM,36.1,66.3,2.1
Jul,30-Jul,8 PM,35.1,69.5,2.1
Jul,30-Jul,9 PM,34.7,71.5,2.1
Jul,30-Jul,10 PM,34.2,73.5,2.1
Jul,30-Jul,11 PM,33.8,74.9,2.1
Aug,1-Aug,12 AM,29.5,82.5,1.9
Aug,1-Aug,1 AM,29.5,83.2,0.9
Aug,1-Aug,2 AM,29.5,83.4,0.8
Aug,1-Aug,3 AM,29.5,82.6,1.8
Aug,1-Aug,4 AM,29.8,82.3,1.9
Aug,1-Aug,5 AM,29.4,83.2,1.5
Aug,1-Aug,6 AM,29.7,82.9,0.0
Aug,1-Aug,7 AM,31.5,81.0,0.0
Aug,1-Aug,8 AM,33.9,75.8,0.0
Aug,1-Aug,9 AM,35.9,71.6,0.0
Aug,1-Aug,10 AM,38.0,65.9,0.5
Aug,1-Aug,11 AM,40.4,60.4,1.7
Aug,1-Aug,12 PM,41.9,56.3,1.8
Aug,1-Aug,1 PM,42.9,53.8,1.9
Aug,1-Aug,2 PM,37.9,60.5,2.3
Aug,1-Aug,3 PM,38.9,60.1,1.9
Aug,1-Aug,4 PM,38.6,59.8,2.0
Aug,1-Aug,5 PM,36.9,63.9,2.0
Aug,1-Aug,6 PM,35.8,67.0,2.0
Aug,1-Aug,7 PM,34.2,71.1,1.9
Aug,1-Aug,8 PM,33.6,73.6,1.9
Aug,1-Aug,9 PM,33.2,76.0,1.9
Aug,1-Aug,10 PM,32.4,78.5,1.8
Aug,1-Aug,11 PM,32.2,78.8,1.9
Aug,2-Aug,12 AM,32.0,79.4,1.8
Aug,2-Aug,1 AM,32.1,79.0,1.8
Aug,2-Aug,2 AM,32.1,79.5,1.8
Aug,2-Aug,3 AM,31.9,80.3,1.8
Aug,2-Aug,4 AM,31.4,81.8,1.8
Aug,2-Aug,5 AM,31.2,82.3,1.7
Aug,2-Aug,6 AM,31.5,81.2,1.7
Aug,2-Aug,7 AM,32.8,77.8,1.7
Aug,2-Aug,8 AM,34.0,74.3,0.2
Aug,2-Aug,9 AM,37.2,67.0,1.0
Aug,2-Aug,10 AM,38.7,62.9,2.2
Aug,2-Aug,11 AM,38.3,62.5,2.2
Aug,2-Aug,12 PM,34.6,73.1,2.4
Aug,2-Aug,1 PM,33.5,74.7,2.3
Aug,2-Aug,2 PM,34.2,74.2,1.9
Aug,2-Aug,3 PM,36.4,68.6,1.9
Aug,2-Aug,4 PM,36.0,67.8,2.0
Aug,2-Aug,5 PM,35.6,69.4,1.9
Aug,2-Aug,6 PM,34.3,73.9,1.9
Aug,2-Aug,7 PM,33.1,77.6,1.9
Aug,2-Aug,8 PM,32.8,79.7,1.9
Aug,2-Aug,9 PM,31.3,80.3,2.2
Aug,2-Aug,10 PM,30.6,82.6,1.9
Aug,2-Aug,11 PM,30.5,83.7,1.8
Aug,3-Aug,12 AM,30.4,83.3,1.8
Aug,3-Aug,1 AM,30.5,83.4,1.7
Aug,3-Aug,2 AM,30.6,83.3,1.7
Aug,3-Aug,3 AM,30.5,84.3,1.7
Aug,3-Aug,4 AM,30.5,84.6,1.7
Aug,3-Aug,5 AM,29.4,88.2,1.6
Aug,3-Aug,6 AM,30.3,85.9,0.0
Aug,3-Aug,7 AM,31.9,82.5,0.0
Aug,3-Aug,8 AM,35.8,71.9,0.2
Aug,3-Aug,9 AM,38.5,64.9,1.6
Aug,3-Aug,10 AM,40.1,60.0,1.8
Aug,3-Aug,11 AM,40.3,58.8,1.9
Aug,3-Aug,12 PM,41.7,55.6,1.9
Aug,3-Aug,1 PM,42.3,54.7,2.0
Aug,3-Aug,2 PM,43.1,52.5,2.0
Aug,3-Aug,3 PM,42.4,53.2,2.1
Aug,3-Aug,4 PM,34.9,69.3,2.1
Aug,3-Aug,5 PM,36.4,66.5,1.9
Aug,3-Aug,6 PM,36.1,66.8,1.9
Aug,3-Aug,7 PM,34.3,71.3,2.0
Aug,3-Aug,8 PM,33.6,74.6,1.9
Aug,3-Aug,9 PM,33.1,75.6,1.9
Aug,3-Aug,10 PM,32.2,77.8,1.8
Aug,3-Aug,11 PM,32.0,78.9,1.8
Aug,4-Aug,12 AM,31.9,80.1,1.7
Aug,4-Aug,1 AM,31.7,80.9,1.8
Aug,4-Aug,2 AM,31.4,81.2,1.9
Aug,4-Aug,3 AM,31.2,80.5,1.9
Aug,4-Aug,4 AM,30.3,83.0,1.7
Aug,4-Aug,6 AM,30.0,85.0,0.9
Aug,4-Aug,7 AM,31.9,80.2,1.4
Aug,4-Aug,8 AM,35.8,70.8,1.6
Aug,4-Aug,9 AM,39.4,59.5,1.8
Aug,4-Aug,10 AM,39.5,57.0,2.0
Aug,4-Aug,11 AM,39.5,55.9,2.1
Aug,4-Aug,12 PM,39.8,55.7,2.0
Aug,4-Aug,1 PM,40.1,56.9,1.9
Aug,4-Aug,2 PM,40.6,55.4,2.1
Aug,4-Aug,3 PM,40.5,54.0,2.2
Aug,4-Aug,4 PM,40.9,52.8,2.1
Aug,4-Aug,5 PM,39.6,56.4,2.0
Aug,4-Aug,6 PM,37.7,61.5,2.0
Aug,4-Aug,7 PM,34.0,68.2,2.1
Aug,4-Aug,8 PM,32.3,72.9,2.0
Aug,4-Aug,9 PM,31.0,76.3,2.1
Aug,4-Aug,10 PM,30.7,76.8,2.0
Aug,4-Aug,11 PM,30.6,77.6,2.0
Aug,5-Aug,12 AM,30.4,77.5,2.0
Aug,5-Aug,1 AM,30.2,78.9,1.9
Aug,5-Aug,2 AM,29.0,83.8,1.2
Aug,5-Aug,4 AM,28.1,89.4,0.0
Aug,5-Aug,5 AM,27.9,90.5,0.0
Aug,6-Aug,1 AM,28.3,89.1,1.7
Aug,7-Aug,1 AM,28.3,89.5,0.6
Aug,7-Aug,6 AM,30.2,86.3,0.0
Aug,7-Aug,7 AM,32.6,81.3,0.0
Aug,7-Aug,8 AM,36.1,72.2,0.0
Aug,7-Aug,9 AM,37.9,65.7,1.2
Aug,7-Aug,10 AM,39.3,61.3,1.9
Aug,7-Aug,11 AM,36.3,68.8,1.9
Aug,7-Aug,12 PM,32.0,80.5,2.1
Aug,7-Aug,1 PM,31.7,80.1,2.0
Aug,7-Aug,2 PM,32.8,80.3,2.0
Aug,7-Aug,3 PM,34.2,77.5,2.0
Aug,7-Aug,4 PM,34.7,75.3,2.0
Aug,7-Aug,5 PM,33.8,77.3,2.0
Aug,7-Aug,6 PM,33.0,78.7,2.1
Aug,7-Aug,7 PM,32.6,80.0,2.1
Aug,7-Aug,8 PM,32.3,80.6,2.1
Aug,7-Aug,9 PM,32.0,81.2,2.1
Aug,7-Aug,10 PM,31.9,82.2,2.1
Aug,7-Aug,11 PM,31.6,82.7,2.1
Aug,8-Aug,12 AM,31.6,82.7,2.1
Aug,8-Aug,1 AM,31.5,82.8,2.1
Aug,8-Aug,6 AM,30.2,87.9,0.1
Aug,8-Aug,7 AM,31.5,84.2,0.0
Aug,8-Aug,8 AM,32.7,81.2,0.0
Aug,8-Aug,9 AM,31.5,83.1,0.0
Aug,8-Aug,10 AM,32.4,81.9,0.0
Aug,8-Aug,11 AM,32.0,81.3,0.1
Aug,8-Aug,12 PM,31.3,82.7,0.0
Aug,8-Aug,1 PM,31.0,83.9,0.0
Aug,8-Aug,2 PM,31.1,83.4,0.1
Aug,8-Aug,3 PM,31.4,82.8,0.0
Aug,8-Aug,4 PM,32.1,81.5,0.0
Aug,8-Aug,5 PM,32.0,81.1,0.0
Aug,8-Aug,6 PM,31.4,82.2,0.0
Aug,8-Aug,7 PM,30.9,82.8,0.0
Aug,8-Aug,8 PM,30.8,83.6,0.0
Aug,8-Aug,9 PM,29.1,86.1,0.7
Aug,8-Aug,10 PM,29.2,85.4,0.0
Aug,8-Aug,11 PM,29.2,85.5,0.0
Aug,9-Aug,12 AM,29.4,85.2,0.0
Aug,9-Aug,1 AM,29.2,85.5,0.0
Aug,9-Aug,2 AM,29.0,86.2,0.0
Aug,9-Aug,7 AM,29.3,88.8,0.1
Aug,9-Aug,8 AM,29.9,86.4,0.2
Aug,9-Aug,9 AM,30.4,85.5,0.0
Aug,9-Aug,10 AM,31.8,83.5,0.0
Aug,9-Aug,11 AM,33.7,77.7,0.0
Aug,9-Aug,12 PM,35.4,71.7,0.0
Aug,9-Aug,1 PM,37.6,64.3,1.4
Aug,9-Aug,2 PM,37.8,62.7,1.7
Aug,9-Aug,3 PM,37.1,64.8,1.3
Aug,9-Aug,4 PM,38.5,62.8,0.1
Aug,9-Aug,5 PM,37.9,64.8,0.0
Aug,9-Aug,6 PM,36.1,69.4,0.0
Aug,9-Aug,7 PM,34.5,73.7,0.0
Aug,9-Aug,8 PM,33.5,76.3,0.0
Aug,9-Aug,9 PM,33.0,78.4,0.0
Aug,9-Aug,10 PM,32.4,80.4,0.2
Aug,9-Aug,11 PM,32.1,81.7,0.0
Aug,10-Aug,12 AM,31.8,82.8,0.0
Aug,10-Aug,1 AM,31.5,83.3,0.0
Aug,10-Aug,6 AM,30.1,87.4,0.3
Aug,10-Aug,7 AM,32.0,81.9,1.3
Aug,10-Aug,8 AM,33.9,76.5,1.5
Aug,10-Aug,9 AM,35.5,70.6,1.9
Aug,10-Aug,10 AM,37.9,64.4,1.8
Aug,10-Aug,11 AM,38.3,61.1,2.0
Aug,10-Aug,12 PM,38.2,59.7,2.1
Aug,10-Aug,1 PM,38.6,59.1,2.1
Aug,10-Aug,2 PM,39.5,57.1,2.1
Aug,10-Aug,3 PM,40.1,56.5,2.1
Aug,10-Aug,4 PM,40.3,56.4,2.0
Aug,10-Aug,5 PM,39.3,60.5,2.0
Aug,10-Aug,6 PM,35.2,69.6,2.2
Aug,10-Aug,7 PM,33.3,77.6,1.7
Aug,10-Aug,8 PM,32.8,80.4,1.8
Aug,10-Aug,9 PM,32.6,80.4,1.7
Aug,10-Aug,10 PM,32.4,80.5,1.7
Aug,10-Aug,11 PM,32.2,81.1,1.8
Aug,11-Aug,6 AM,30.1,88.8,0.0
Aug,11-Aug,7 AM,31.8,84.4,0.0
Aug,11-Aug,8 AM,34.8,76.6,0.3
Aug,11-Aug,9 AM,38.1,63.8,1.5
Aug,11-Aug,10 AM,39.3,59.6,1.8
Aug,11-Aug,11 AM,39.9,58.0,2.0
Aug,11-Aug,12 PM,39.3,58.8,2.0
Aug,11-Aug,1 PM,39.3,60.3,2.0
Aug,11-Aug,2 PM,37.3,68.0,1.9
Aug,11-Aug,3 PM,39.9,60.7,2.0
Aug,11-Aug,4 PM,38.1,64.4,2.0
Aug,11-Aug,5 PM,33.8,72.6,2.2
Aug,11-Aug,6 PM,33.1,72.8,1.8
Aug,11-Aug,7 PM,32.8,74.0,1.8
Aug,11-Aug,8 PM,32.5,76.4,1.9
Aug,11-Aug,9 PM,32.0,79.5,1.8
Aug,11-Aug,10 PM,31.6,81.2,1.8
Aug,12-Aug,6 AM,29.8,89.6,0.0
Aug,12-Aug,7 AM,32.2,84.4,0.0
Aug,12-Aug,8 AM,36.1,71.9,0.5
Aug,12-Aug,9 AM,37.4,66.7,1.5
Aug,12-Aug,10 AM,40.3,60.5,1.7
Aug,12-Aug,11 AM,36.6,65.5,2.0
Aug,12-Aug,12 PM,33.3,77.3,1.6
Aug,12-Aug,1 PM,34.1,75.2,1.9
Aug,12-Aug,2 PM,35.3,73.0,1.7
Aug,12-Aug,3 PM,36.0,70.2,1.8
Aug,12-Aug,4 PM,32.2,79.9,2.0
Aug,12-Aug,5 PM,31.7,80.9,1.9
Aug,12-Aug,6 PM,31.2,81.9,1.8
Aug,12-Aug,7 PM,30.4,83.2,2.5
Aug,12-Aug,8 PM,28.6,83.3,2.4
Aug,12-Aug,9 PM,28.5,84.2,1.8
Aug,14-Aug,6 AM,29.9,89.3,1.3
Aug,14-Aug,7 AM,36.3,73.4,1.7
Aug,14-Aug,8 AM,40.4,61.7,1.8
Aug,14-Aug,9 AM,41.7,55.2,1.8
Aug,14-Aug,10 AM,41.5,53.9,1.9
Aug,14-Aug,11 AM,40.4,55.7,2.1
Aug,14-Aug,12 PM,40.8,55.3,2.1
Aug,14-Aug,1 PM,42.2,52.4,2.0
Aug,14-Aug,2 PM,43.4,49.7,2.1
Aug,14-Aug,3 PM,45.2,47.1,2.0
Aug,14-Aug,4 PM,42.5,51.3,2.0
Aug,14-Aug,5 PM,40.5,57.2,2.0
Aug,14-Aug,6 PM,38.0,63.2,1.9
Aug,14-Aug,7 PM,36.7,66.8,1.9
Aug,15-Aug,6 AM,30.7,91.8,1.2
Aug,15-Aug,7 AM,33.3,84.3,1.6
Aug,15-Aug,8 AM,36.3,75.5,1.8
Aug,15-Aug,9 AM,37.8,65.7,2.2
Aug,15-Aug,10 AM,39.2,60.8,2.1
Aug,15-Aug,11 AM,40.0,58.3,2.1
Aug,15-Aug,12 PM,38.7,61.8,1.9
Aug,15-Aug,1 PM,37.6,66.7,1.8
Aug,15-Aug,2 PM,37.6,67.3,1.8
Aug,15-Aug,3 PM,37.3,67.8,1.8
Aug,15-Aug,4 PM,36.2,70.8,2.0
Aug,15-Aug,5 PM,33.9,74.0,1.9
Aug,15-Aug,6 PM,32.8,79.1,1.8
Aug,16-Aug,6 AM,27.2,97.2,1.7
Aug,16-Aug,7 AM,30.4,89.0,1.4
Aug,16-Aug,8 AM,33.2,82.2,1.7
Aug,16-Aug,9 AM,36.4,71.1,1.8
Aug,16-Aug,10 AM,37.2,66.3,1.8
Aug,16-Aug,11 AM,37.7,65.6,1.8
Aug,16-Aug,12 PM,39.3,60.7,2.0
Aug,16-Aug,1 PM,40.4,57.2,2.0
Aug,16-Aug,2 PM,40.4,57.0,2.0
Aug,16-Aug,3 PM,40.9,56.0,2.1
Aug,16-Aug,4 PM,41.3,55.0,2.1
Aug,16-Aug,5 PM,35.9,66.9,2.2
Aug,16-Aug,6 PM,34.0,70.9,2.0
Aug,17-Aug,6 AM,26.6,98.0,1.6
Aug,17-Aug,7 AM,30.2,87.9,1.6
Aug,17-Aug,8 AM,32.6,81.2,1.8
Aug,17-Aug,9 AM,35.1,72.9,2.0
Aug,17-Aug,10 AM,37.8,67.4,1.7
Aug,17-Aug,11 AM,38.3,66.3,1.7
Aug,17-Aug,12 PM,38.5,65.6,1.9
Aug,17-Aug,1 PM,34.5,71.0,2.1
Aug,17-Aug,2 PM,33.9,75.7,2.0
Aug,17-Aug,3 PM,33.9,78.6,1.8
Aug,17-Aug,4 PM,32.7,80.7,1.9
Aug,17-Aug,5 PM,32.6,81.2,1.7
Aug,17-Aug,6 PM,32.8,80.9,1.8
Aug,17-Aug,7 PM,32.4,82.0,1.9
Aug,18-Aug,6 AM,28.3,96.1,0.0
Aug,18-Aug,7 AM,31.3,87.4,1.4
Aug,18-Aug,8 AM,34.1,81.1,1.8
Aug,18-Aug,9 AM,37.8,67.5,0.9
Aug,18-Aug,10 AM,39.5,60.5,1.8
Aug,18-Aug,11 AM,39.8,58.4,2.0
Aug,18-Aug,12 PM,40.5,56.1,2.1
Aug,18-Aug,1 PM,41.9,53.4,2.1
Aug,18-Aug,2 PM,43.9,50.8,2.0
Aug,18-Aug,3 PM,43.5,52.1,2.0
Aug,18-Aug,4 PM,44.1,51.2,2.0
Aug,18-Aug,5 PM,42.1,54.6,1.9
Aug,18-Aug,6 PM,39.6,61.8,1.9
Aug,19-Aug,6 AM,27.2,100.0,0.3
Aug,19-Aug,7 AM,34.2,81.6,1.5
Aug,19-Aug,8 AM,37.4,70.4,1.7
Aug,19-Aug,9 AM,40.2,60.5,1.7
Aug,19-Aug,10 AM,40.3,58.0,1.9
Aug,19-Aug,11 AM,40.8,55.7,2.0
Aug,19-Aug,12 PM,40.8,55.1,2.0
Aug,19-Aug,1 PM,41.5,53.0,2.1
Aug,19-Aug,2 PM,42.2,51.8,2.1
Aug,19-Aug,3 PM,43.2,50.2,2.0
Aug,19-Aug,4 PM,42.7,51.0,2.1
Aug,19-Aug,5 PM,40.7,56.4,1.9
Aug,19-Aug,6 PM,39.2,60.7,1.9
Aug,20-Aug,7 AM,30.5,92.0,1.2
Aug,20-Aug,8 AM,32.1,86.8,0.2
Aug,20-Aug,9 AM,33.0,83.7,0.0
Aug,20-Aug,10 AM,34.8,77.1,0.6
Aug,20-Aug,11 AM,36.4,71.5,1.5
Aug,20-Aug,12 PM,36.9,69.2,1.5
Aug,20-Aug,1 PM,37.6,67.7,1.7
Aug,20-Aug,2 PM,37.6,67.1,1.6
Aug,20-Aug,3 PM,37.2,69.0,1.6
Aug,20-Aug,4 PM,37.4,68.6,1.7
Aug,20-Aug,5 PM,37.9,66.8,1.7
Aug,20-Aug,6 PM,36.3,70.0,1.7
Aug,22-Aug,10 AM,40.4,59.4,3.4
Aug,22-Aug,11 AM,40.7,57.2,4.4
Aug,22-Aug,12 PM,42.1,53.8,2.6
Aug,22-Aug,1 PM,43.3,51.0,2.2
Aug,22-Aug,2 PM,44.4,48.6,2.0
Aug,22-Aug,3 PM,41.1,55.4,2.1
Aug,22-Aug,4 PM,36.8,69.6,1.9
Aug,22-Aug,5 PM,35.6,72.8,1.9
Aug,22-Aug,6 PM,35.2,74.0,1.8
Aug,23-Aug,7 AM,34.1,82.0,1.4
Aug,23-Aug,8 AM,40.0,64.4,1.6
Aug,23-Aug,9 AM,40.4,56.6,1.9
Aug,23-Aug,10 AM,40.6,54.9,2.0
Aug,23-Aug,11 AM,40.6,54.5,2.0
Aug,23-Aug,12 PM,41.3,52.0,2.4
Aug,23-Aug,1 PM,42.5,50.7,3.1
Aug,23-Aug,2 PM,43.7,49.3,4.6
Aug,23-Aug,3 PM,44.0,49.5,3.1
Aug,23-Aug,4 PM,44.8,48.5,7.0
Aug,24-Aug,7 AM,34.4,81.6,1.1
Aug,24-Aug,8 AM,39.7,65.9,1.6
Aug,24-Aug,9 AM,39.9,64.0,1.7
Aug,24-Aug,10 AM,42.3,58.0,3.7
Aug,24-Aug,11 AM,42.2,57.5,4.2
Aug,24-Aug,12 PM,42.9,55.7,7.8
Aug,24-Aug,1 PM,42.6,55.3,3.7
Aug,24-Aug,5 PM,33.4,80.8,2.1
Aug,24-Aug,6 PM,33.6,81.0,1.8
Aug,25-Aug,7 AM,28.2,97.4,1.2
Aug,25-Aug,8 AM,29.6,90.3,1.7
Aug,25-Aug,9 AM,29.5,88.2,1.7
Aug,25-Aug,10 AM,30.3,86.5,1.7
Aug,25-Aug,11 AM,32.0,84.9,1.7
Aug,25-Aug,12 PM,35.3,78.5,1.8
Aug,25-Aug,1 PM,37.3,70.0,2.5
Aug,25-Aug,2 PM,38.4,66.2,2.7
Aug,26-Aug,11 AM,38.4,66.5,6.8
Aug,26-Aug,12 PM,39.5,63.7,4.1
Aug,26-Aug,1 PM,33.0,76.3,2.5
Aug,26-Aug,2 PM,31.8,80.7,1.8
Aug,26-Aug,3 PM,32.2,81.9,1.7
Aug,26-Aug,4 PM,32.8,81.0,1.8
Aug,26-Aug,5 PM,32.5,80.9,1.9
Aug,27-Aug,6 AM,28.3,97.6,2.6
Aug,27-Aug,7 AM,32.3,85.2,1.7
Aug,27-Aug,8 AM,36.5,72.8,1.9
Aug,27-Aug,9 AM,38.7,65.2,2.0
Aug,27-Aug,10 AM,39.6,62.0,7.1
Aug,27-Aug,11 AM,41.1,58.7,5.2
Aug,27-Aug,12 PM,41.4,56.0,6.1
Aug,27-Aug,1 PM,42.6,53.7,4.9
Aug,27-Aug,2 PM,44.6,49.6,4.9
Aug,27-Aug,3 PM,45.5,47.9,3.3
Aug,27-Aug,4 PM,40.6,58.1,2.4
Aug,27-Aug,5 PM,38.3,63.8,2.2
Aug,27-Aug,6 PM,37.5,65.8,2.1
Aug,28-Aug,7 AM,35.7,75.9,1.9
Aug,28-Aug,8 AM,41.0,61.3,1.9
Aug,28-Aug,9 AM,42.0,57.0,2.1
Aug,28-Aug,10 AM,42.1,56.3,5.4
Aug,28-Aug,11 AM,42.0,56.6,6.7
Aug,28-Aug,12 PM,41.9,55.6,5.6
Aug,28-Aug,1 PM,43.1,53.0,3.4
Aug,29-Aug,7 AM,29.6,90.3,1.4
Aug,29-Aug,8 AM,32.0,83.9,1.6
Aug,29-Aug,9 AM,35.3,74.0,1.8
Aug,29-Aug,10 AM,38.2,67.2,2.8
Aug,29-Aug,11 AM,39.6,60.3,2.8
Aug,29-Aug,12 PM,40.3,57.8,5.0
Aug,29-Aug,1 PM,42.2,54.0,5.7
Aug,29-Aug,2 PM,44.0,50.5,4.8
Aug,29-Aug,3 PM,42.3,52.8,3.2
Aug,29-Aug,4 PM,37.7,62.8,2.3
Aug,29-Aug,5 PM,33.9,75.1,2.1
Aug,29-Aug,6 PM,33.9,75.9,2.0
Aug,30-Aug,9 AM,41.0,62.0,3.0
Aug,30-Aug,10 AM,41.3,59.0,5.8
Aug,30-Aug,11 AM,40.8,58.8,4.2
Aug,30-Aug,12 PM,41.4,55.3,5.2
Aug,30-Aug,1 PM,43.2,51.3,3.7
Aug,30-Aug,2 PM,44.1,49.8,3.6
Sep,1-Sep,6 AM,26.8,98.2,0.2
Sep,1-Sep,7 AM,31.8,85.5,1.5
Sep,1-Sep,8 AM,38.0,69.3,1.8
Sep,1-Sep,9 AM,40.2,58.9,1.9
Sep,1-Sep,10 AM,41.5,56.6,2.0
Sep,1-Sep,11 AM,41.4,56.5,2.1
Sep,1-Sep,12 PM,41.5,57.3,3.5
Sep,1-Sep,1 PM,43.1,54.2,4.5
Sep,1-Sep,2 PM,46.1,49.4,4.3
Sep,1-Sep,3 PM,46.5,48.6,4.8
Sep,1-Sep,4 PM,47.8,47.3,2.2
Sep,2-Sep,9 AM,42.1,58.6,6.8
Sep,2-Sep,10 AM,42.1,58.0,4.9
Sep,2-Sep,11 AM,42.3,57.8,3.4
Sep,2-Sep,12 PM,42.9,56.2,3.9
Sep,2-Sep,1 PM,37.3,64.1,2.3
Sep,2-Sep,2 PM,35.8,64.7,2.2
Sep,2-Sep,3 PM,37.0,64.4,2.4
Sep,2-Sep,4 PM,37.2,66.3,2.1
Sep,2-Sep,5 PM,36.5,69.7,2.1
Sep,2-Sep,6 PM,35.8,72.9,2.1
Sep,3-Sep,9 AM,42.2,57.5,7.0
Sep,3-Sep,10 AM,42.2,57.5,5.6
Sep,3-Sep,12 PM,44.0,50.6,6.4
Sep,3-Sep,1 PM,44.8,48.7,4.5
Sep,3-Sep,2 PM,45.1,48.6,2.0
Sep,3-Sep,3 PM,42.7,53.8,2.1
Sep,3-Sep,4 PM,38.9,57.9,2.1
Sep,3-Sep,5 PM,37.8,61.3,2.1
Sep,3-Sep,6 PM,37.0,62.6,2.1
Sep,4-Sep,6 AM,27.9,100.0,1.2
Sep,4-Sep,7 AM,35.0,79.8,1.7
Sep,4-Sep,8 AM,38.9,66.8,2.0
Sep,4-Sep,9 AM,38.6,65.5,1.9
Sep,4-Sep,10 AM,39.8,61.5,2.6
Sep,4-Sep,11 AM,41.0,56.6,2.8
Sep,4-Sep,12 PM,41.8,54.7,2.1
Sep,4-Sep,1 PM,43.9,52.3,2.0
Sep,5-Sep,7 AM,30.2,91.2,1.7
Sep,5-Sep,8 AM,32.4,82.8,1.7
Sep,5-Sep,9 AM,32.7,81.1,1.8
Sep,5-Sep,10 AM,35.1,73.8,1.9
Sep,5-Sep,11 AM,38.3,63.7,2.9
Sep,5-Sep,12 PM,40.1,58.7,4.1
Sep,5-Sep,1 PM,40.3,58.0,2.7
Sep,5-Sep,2 PM,40.3,57.9,2.1
Sep,5-Sep,3 PM,40.0,59.1,2.1
Sep,5-Sep,4 PM,40.0,59.3,2.1
Sep,5-Sep,5 PM,38.8,61.4,2.1
Sep,5-Sep,6 PM,36.9,65.5,2.1
Sep,6-Sep,7 AM,33.2,84.0,1.6
Sep,6-Sep,8 AM,38.7,67.5,1.9
Sep,6-Sep,9 AM,38.2,63.9,1.9
Sep,6-Sep,10 AM,39.0,61.8,1.9
Sep,6-Sep,11 AM,38.1,65.5,1.9
Sep,6-Sep,12 PM,39.0,61.4,2.9
Sep,6-Sep,1 PM,40.7,57.6,3.1
Sep,6-Sep,2 PM,38.4,62.1,2.1
Sep,6-Sep,3 PM,37.9,65.3,2.0
Sep,6-Sep,4 PM,37.2,67.5,2.0
Sep,6-Sep,5 PM,35.9,70.9,2.0
Sep,7-Sep,6 AM,25.9,100.0,2.2
Sep,7-Sep,7 AM,31.0,90.4,1.6
Sep,7-Sep,8 AM,35.3,78.6,1.9
Sep,7-Sep,9 AM,35.7,73.9,2.2
Sep,7-Sep,10 AM,37.4,69.0,2.4
Sep,7-Sep,11 AM,38.5,65.5,3.7
Sep,7-Sep,12 PM,40.1,61.5,5.0
Sep,7-Sep,1 PM,39.9,62.9,2.6
Sep,7-Sep,2 PM,37.4,67.0,2.1
Sep,7-Sep,3 PM,37.6,65.2,2.0
Sep,7-Sep,4 PM,35.8,71.2,2.0
Sep,7-Sep,5 PM,34.4,77.3,1.9
Sep,7-Sep,6 PM,34.0,78.3,1.8
Sep,8-Sep,7 AM,29.9,92.4,1.6
Sep,8-Sep,8 AM,32.3,85.5,1.7
Sep,8-Sep,9 AM,34.7,77.9,2.0
Sep,8-Sep,10 AM,36.6,69.5,1.9
Sep,8-Sep,11 AM,37.4,67.8,1.9
Sep,8-Sep,12 PM,36.4,69.5,2.1
Sep,9-Sep,6 AM,26.5,100.0,0.7
Sep,9-Sep,7 AM,31.0,91.6,0.9
Sep,9-Sep,8 AM,34.5,81.8,1.7
Sep,9-Sep,9 AM,37.9,69.8,1.8
Sep,9-Sep,10 AM,38.5,63.9,2.9
Sep,9-Sep,11 AM,41.9,62.5,3.6
Sep,9-Sep,12 PM,39.2,61.4,7.6
Sep,9-Sep,1 PM,40.9,58.0,0.7
Sep,9-Sep,2 PM,42.0,54.0,0.9
Sep,9-Sep,3 PM,41.0,55.4,0.2
Sep,9-Sep,4 PM,41.0,56.4,0.1
Sep,9-Sep,5 PM,39.4,61.3,0.1
Sep,9-Sep,6 PM,38.2,66.2,1.1
Sep,10-Sep,7 AM,30.9,87.2,1.7
Sep,10-Sep,8 AM,32.7,81.2,1.8
Sep,10-Sep,9 AM,34.5,74.6,1.9
Sep,10-Sep,10 AM,35.5,71.0,2.1
Sep,10-Sep,11 AM,37.5,67.1,3.1
Sep,10-Sep,12 PM,40.8,57.9,6.8
Sep,10-Sep,1 PM,40.7,57.4,2.5
Sep,10-Sep,2 PM,41.1,57.3,2.0
Sep,10-Sep,3 PM,42.0,56.6,2.0
Sep,10-Sep,4 PM,41.1,57.4,2.0
Sep,10-Sep,5 PM,41.3,57.6,2.0
Sep,10-Sep,6 PM,38.7,63.4,2.0
Sep,11-Sep,6 AM,28.8,96.0,1.6
Sep,11-Sep,7 AM,33.1,83.9,1.6
Sep,11-Sep,8 AM,35.4,75.5,1.8
Sep,11-Sep,9 AM,37.6,68.3,2.0
Sep,11-Sep,10 AM,38.9,62.8,2.2
Sep,11-Sep,11 AM,40.2,58.8,3.7
Sep,11-Sep,12 PM,41.2,57.0,3.2
Sep,11-Sep,1 PM,41.7,56.4,5.1
Sep,11-Sep,2 PM,41.5,56.3,2.6
Sep,11-Sep,3 PM,39.9,59.6,2.1
Sep,11-Sep,4 PM,41.8,56.1,2.1
Sep,11-Sep,5 PM,40.4,58.5,2.1
Sep,12-Sep,9 AM,40.0,61.9,4.6
Sep,12-Sep,10 AM,41.4,56.9,3.5
Sep,12-Sep,11 AM,40.7,57.7,2.2
Sep,12-Sep,12 PM,40.1,58.2,2.2
Sep,12-Sep,1 PM,40.4,58.1,2.8
Sep,12-Sep,2 PM,40.9,56.9,2.1
Sep,12-Sep,3 PM,40.5,57.8,2.1
Sep,12-Sep,4 PM,40.8,57.5,2.1
Sep,12-Sep,5 PM,40.0,59.8,2.1
Sep,13-Sep,6 AM,29.0,93.7,0.7
Sep,13-Sep,7 AM,34.0,80.4,1.6
Sep,13-Sep,8 AM,39.6,64.9,1.9
Sep,13-Sep,9 AM,40.2,61.4,2.5
Sep,13-Sep,10 AM,41.6,58.5,7.0
Sep,13-Sep,11 AM,41.6,58.6,3.9
Sep,13-Sep,12 PM,40.2,60.0,2.4
Sep,13-Sep,1 PM,34.2,70.7,2.3
Sep,13-Sep,2 PM,33.3,75.3,2.3
Sep,13-Sep,3 PM,33.3,77.0,2.0
Sep,13-Sep,4 PM,33.7,77.8,2.0
Sep,13-Sep,5 PM,33.6,78.3,2.0
Sep,14-Sep,6 AM,27.7,98.7,0.0
Sep,14-Sep,7 AM,31.7,88.7,1.4
Sep,14-Sep,8 AM,35.9,76.5,1.8
Sep,14-Sep,9 AM,41.1,65.6,1.8
Sep,14-Sep,10 AM,41.1,59.9,4.4
Sep,14-Sep,11 AM,41.3,57.9,2.9
Sep,14-Sep,12 PM,42.3,55.5,2.1
Sep,14-Sep,1 PM,43.6,51.7,2.8
Sep,14-Sep,2 PM,45.9,47.5,3.0
Sep,14-Sep,3 PM,41.7,56.5,2.2
Sep,14-Sep,4 PM,38.7,61.4,2.2
Sep,14-Sep,5 PM,37.1,63.4,2.1
Sep,15-Sep,11 AM,38.5,62.1,2.8
Sep,15-Sep,12 PM,40.6,56.9,2.3
Sep,15-Sep,1 PM,41.5,53.9,4.5
Sep,15-Sep,2 PM,44.0,50.3,2.6
Sep,15-Sep,3 PM,44.2,50.4,2.1
Sep,16-Sep,6 AM,29.2,97.0,1.0
Sep,16-Sep,7 AM,32.5,88.2,1.3
Sep,16-Sep,8 AM,34.9,80.4,1.5
Sep,16-Sep,9 AM,36.8,70.4,1.9
Sep,16-Sep,10 AM,39.5,61.1,2.0
Sep,16-Sep,11 AM,40.6,56.9,2.4
Sep,16-Sep,12 PM,40.9,56.6,2.9
Sep,16-Sep,1 PM,41.6,55.2,2.6
Sep,16-Sep,2 PM,43.0,53.0,4.2
Sep,16-Sep,3 PM,43.8,51.5,4.3
Sep,17-Sep,6 AM,29.3,94.0,0.6
Sep,17-Sep,7 AM,31.6,88.3,1.4
Sep,17-Sep,8 AM,33.6,82.9,1.6
Sep,17-Sep,9 AM,36.5,74.0,1.8
Sep,17-Sep,10 AM,39.7,64.9,5.4
Sep,17-Sep,11 AM,40.6,59.6,2.8
Sep,17-Sep,12 PM,41.4,56.8,4.3
Sep,17-Sep,1 PM,42.8,54.9,3.9
Sep,17-Sep,2 PM,39.6,60.8,2.3
Sep,17-Sep,3 PM,38.9,65.9,2.0
Sep,17-Sep,4 PM,40.9,62.0,5.1
Sep,18-Sep,6 AM,28.2,98.7,0.5
Sep,18-Sep,7 AM,30.5,90.4,0.0
Sep,18-Sep,8 AM,32.2,85.4,0.0
Sep,18-Sep,9 AM,33.8,78.9,0.9
Sep,18-Sep,10 AM,36.1,73.1,1.7
Sep,18-Sep,11 AM,38.5,67.6,2.8
Sep,18-Sep,12 PM,39.8,64.1,5.0
Sep,18-Sep,1 PM,37.9,63.0,3.6
Sep,18-Sep,2 PM,34.0,74.1,2.0
Sep,18-Sep,3 PM,35.5,71.5,2.2
Sep,18-Sep,4 PM,37.8,66.1,3.1
Sep,19-Sep,10 AM,37.5,64.9,3.5
Sep,19-Sep,11 AM,38.4,62.1,3.9
Sep,19-Sep,12 PM,39.4,59.7,4.3
Sep,19-Sep,1 PM,37.7,63.0,2.3
Sep,19-Sep,2 PM,36.8,71.4,2.4
Sep,19-Sep,3 PM,38.1,62.1,9.3
Sep,20-Sep,6 AM,28.6,95.9,0.8
Sep,20-Sep,7 AM,30.6,89.9,1.3
Sep,20-Sep,8 AM,32.1,86.3,1.4
Sep,20-Sep,9 AM,32.7,84.9,1.4
Sep,20-Sep,10 AM,34.9,78.8,1.6
Sep,20-Sep,11 AM,37.1,73.7,2.1
Sep,20-Sep,1 PM,41.5,57.4,6.3
Sep,20-Sep,2 PM,42.0,56.0,3.1
Sep,20-Sep,3 PM,41.5,55.9,3.4
Sep,20-Sep,4 PM,40.5,56.6,4.2
Sep,20-Sep,5 PM,39.2,59.3,2.2
Sep,21-Sep,7 AM,30.8,89.8,0.0
Sep,21-Sep,8 AM,34.4,81.3,0.1
Sep,21-Sep,9 AM,38.6,66.5,2.5
Sep,21-Sep,10 AM,39.7,63.0,2.0
Sep,21-Sep,11 AM,40.3,61.6,4.5
Sep,21-Sep,12 PM,41.4,59.1,2.9
Sep,21-Sep,1 PM,42.3,57.0,2.9
Sep,21-Sep,2 PM,36.1,69.8,2.0
Sep,21-Sep,3 PM,33.9,76.5,1.7
Sep,21-Sep,4 PM,33.3,77.3,1.8
Sep,22-Sep,6 AM,29.0,94.4,1.4
Sep,22-Sep,7 AM,31.8,88.1,1.2
Sep,22-Sep,1 PM,40.7,59.8,2.3
Sep,22-Sep,2 PM,39.1,63.5,2.2
Sep,22-Sep,3 PM,35.8,69.9,2.1
Sep,22-Sep,4 PM,34.2,73.8,2.2
Sep,22-Sep,5 PM,33.8,74.4,2.3
Sep,23-Sep,8 AM,36.9,74.6,1.5
Sep,23-Sep,9 AM,38.5,66.8,2.0
Sep,23-Sep,10 AM,39.1,63.8,2.5
Sep,23-Sep,11 AM,39.3,63.2,2.0
Sep,23-Sep,12 PM,40.8,58.4,2.1
Sep,23-Sep,1 PM,42.9,54.1,2.1
Sep,23-Sep,2 PM,42.5,55.0,2.1
Sep,23-Sep,3 PM,41.9,56.7,2.1
Sep,23-Sep,4 PM,41.6,58.1,3.7
Sep,24-Sep,7 AM,29.8,93.2,0.0
Sep,24-Sep,8 AM,31.6,88.7,0.0
Sep,24-Sep,9 AM,33.6,83.0,0.0
Sep,24-Sep,10 AM,35.4,78.4,0.7
Sep,24-Sep,11 AM,38.4,68.6,1.7
Sep,24-Sep,12 PM,40.2,62.7,1.8
Sep,24-Sep,1 PM,39.9,61.8,2.0
Sep,24-Sep,2 PM,40.9,59.5,2.0
Sep,24-Sep,3 PM,43.7,54.6,2.0
Sep,24-Sep,4 PM,42.2,57.6,2.2
Sep,24-Sep,5 PM,39.6,62.8,2.1
Sep,25-Sep,6 AM,28.8,97.2,0.1
Sep,25-Sep,11 AM,29.1,90.7,0.0
Sep,25-Sep,4 PM,35.1,75.3,2.2
Sep,26-Sep,9 AM,36.0,73.0,4.1
Sep,26-Sep,10 AM,35.5,71.7,4.1
Sep,26-Sep,12 PM,28.8,87.3,1.4
Sep,26-Sep,1 PM,30.1,86.0,1.8
Sep,26-Sep,2 PM,32.4,83.4,1.6
Sep,26-Sep,3 PM,33.8,79.0,1.7
Sep,26-Sep,4 PM,32.9,80.1,1.8
Sep,26-Sep,5 PM,31.8,82.1,1.8
Sep,27-Sep,6 AM,28.3,95.8,0.9
Sep,27-Sep,7 AM,30.5,90.2,1.1
Sep,27-Sep,8 AM,34.4,80.1,1.6
Sep,27-Sep,9 AM,35.3,74.2,2.1
Sep,27-Sep,10 AM,36.7,70.0,1.9
Sep,27-Sep,11 AM,37.9,66.1,2.0
Sep,27-Sep,12 PM,38.8,63.7,2.0
Sep,27-Sep,1 PM,39.7,62.4,2.0
Sep,27-Sep,2 PM,40.4,59.8,2.2
Sep,27-Sep,4 PM,36.8,67.8,2.3
Sep,27-Sep,5 PM,34.8,74.5,1.9
Sep,29-Sep,8 AM,29.3,91.7,1.3
Sep,29-Sep,9 AM,29.7,90.5,1.1
Sep,29-Sep,4 PM,31.5,86.0,0.2
Sep,29-Sep,5 PM,39.4,85.8,0.0
Oct,1-Oct,6 AM,30.0,94.7,0.0
Oct,1-Oct,7 AM,32.1,87.9,0.0
Oct,1-Oct,9 AM,35.4,77.1,1.6
Oct,1-Oct,10 AM,40.4,63.0,2.0
Oct,2-Oct,7 AM,32.3,88.1,1.0
Oct,2-Oct,8 AM,34.4,83.3,1.2
Oct,2-Oct,9 AM,36.7,76.1,1.7
Oct,2-Oct,10 AM,36.4,74.2,1.9
Oct,2-Oct,11 AM,39.5,74.3,1.9
Oct,2-Oct,3 PM,36.4,74.1,2.7
Oct,2-Oct,4 PM,35.4,76.8,2.1
Oct,3-Oct,8 AM,41.5,85.7,1.2
Oct,3-Oct,12 PM,37.8,67.3,2.2
Oct,3-Oct,3 PM,32.6,81.6,8.1
Oct,3-Oct,4 PM,41.6,80.7,7.0
Oct,4-Oct,6 AM,27.9,96.5,0.9
Oct,4-Oct,7 AM,30.5,90.4,1.0
Oct,4-Oct,8 AM,34.4,81.2,1.4
Oct,4-Oct,9 AM,38.0,69.8,1.9
Oct,4-Oct,11 AM,39.3,58.6,2.3
Oct,4-Oct,12 PM,40.0,57.4,2.3
Oct,4-Oct,1 PM,41.1,56.2,2.2
Oct,4-Oct,2 PM,41.9,54.8,2.2
Oct,4-Oct,3 PM,42.4,54.0,2.2
Oct,4-Oct,4 PM,42.3,53.7,2.1
Oct,5-Oct,7 AM,34.1,80.9,1.4
Oct,5-Oct,8 AM,37.0,71.3,1.9
Oct,5-Oct,9 AM,38.5,63.2,2.1
Oct,5-Oct,10 AM,40.3,58.6,2.1
Oct,5-Oct,11 AM,41.4,55.6,2.2
Oct,5-Oct,12 PM,41.9,54.2,2.2
Oct,6-Oct,4 PM,45.6,47.3,2.0
Oct,6-Oct,5 PM,41.6,53.7,2.1
Oct,7-Oct,6 AM,30.2,89.5,0.4
Oct,7-Oct,7 AM,46.3,77.8,1.4
Oct,7-Oct,10 AM,40.5,59.5,2.1
Oct,7-Oct,12 PM,36.4,63.6,2.1
Oct,7-Oct,2 PM,32.2,75.8,4.2
Oct,8-Oct,6 AM,28.4,93.0,0.9
Oct,8-Oct,7 AM,31.2,87.0,1.0
Oct,8-Oct,8 AM,34.7,78.2,1.2
Oct,9-Oct,6 AM,31.1,89.6,1.0
Oct,9-Oct,7 AM,35.1,79.3,1.3
Oct,9-Oct,8 AM,39.0,65.5,1.7
Oct,9-Oct,11 AM,34.3,73.0,2.1
Oct,10-Oct,7 AM,30.3,91.5,1.1
Oct,11-Oct,3 PM,44.2,50.2,2.1
Oct,11-Oct,4 PM,41.7,53.2,2.1
Oct,11-Oct,5 PM,40.6,55.3,2.1
Oct,12-Oct,7 AM,31.3,84.4,1.3
Oct,12-Oct,8 AM,36.1,71.7,1.7
Oct,12-Oct,9 AM,39.3,57.3,1.9
Oct,12-Oct,10 AM,41.5,50.6,2.0
Oct,12-Oct,11 AM,41.6,49.9,2.1
Oct,12-Oct,12 PM,42.6,49.4,2.1
Oct,12-Oct,1 PM,44.0,48.0,2.0
Oct,12-Oct,2 PM,44.9,46.9,2.0
Oct,12-Oct,3 PM,45.7,46.0,2.0
Oct,12-Oct,4 PM,45.5,46.2,2.0
Oct,12-Oct,5 PM,41.8,53.0,2.1
Oct,13-Oct,6 AM,28.8,86.6,0.0
Oct,15-Oct,6 AM,26.3,88.5,3.7
Oct,15-Oct,7 AM,29.2,79.5,4.4
Oct,15-Oct,8 AM,32.0,72.4,2.1
Oct,18-Oct,6 AM,28.4,68.6,2.4
Oct,18-Oct,7 AM,32.5,60.2,2.3
Oct,18-Oct,8 AM,36.2,50.3,2.3
Oct,18-Oct,9 AM,37.6,43.9,2.3
Oct,18-Oct,10 AM,38.4,40.6,2.3
Oct,18-Oct,11 AM,39.9,38.8,2.2
Oct,18-Oct,12 PM,41.6,37.7,2.2
Oct,18-Oct,1 PM,43.4,37.1,2.1
Oct,18-Oct,2 PM,44.0,37.1,2.1
Oct,18-Oct,3 PM,43.9,37.5,2.1
Oct,18-Oct,4 PM,42.9,39.0,2.1
Oct,18-Oct,5 PM,40.5,42.2,2.2
Oct,19-Oct,6 AM,23.6,87.1,15.0
Oct,20-Oct,6 AM,23.5,92.8,6.9
Nov,2-Nov,7 AM,30.6,73.3,2.2
Nov,2-Nov,8 AM,44.7,64.0,2.2
Nov,3-Nov,6 AM,24.6,84.0,2.7
Nov,3-Nov,7 AM,29.0,74.4,2.6
Nov,3-Nov,8 AM,35.1,60.3,2.2
Nov,3-Nov,9 AM,38.0,51.3,2.2
Nov,3-Nov,10 AM,39.6,44.9,2.2
Nov,3-Nov,11 AM,40.9,41.1,2.2
Nov,3-Nov,12 PM,42.0,39.9,2.2
Nov,3-Nov,1 PM,43.5,38.3,2.1
Nov,3-Nov,2 PM,43.9,37.7,2.1
Nov,3-Nov,3 PM,44.2,37.3,2.1
Nov,3-Nov,4 PM,44.3,37.1,2.1
Nov,3-Nov,5 PM,41.9,44.0,2.2
Nov,4-Nov,6 AM,24.0,73.6,3.3
Nov,6-Nov,6 AM,27.1,87.4,2.6
Nov,6-Nov,7 AM,31.7,74.4,2.2
Nov,6-Nov,8 AM,36.3,60.7,2.2
Nov,6-Nov,9 AM,39.2,53.5,2.2
Nov,6-Nov,10 AM,41.3,48.9,2.2
Nov,6-Nov,11 AM,41.6,48.1,2.2
Nov,6-Nov,12 PM,41.4,48.8,2.2
Nov,6-Nov,1 PM,41.4,48.3,2.2
Nov,6-Nov,2 PM,40.5,49.6,2.2
Nov,6-Nov,3 PM,39.6,51.8,2.2
Nov,6-Nov,4 PM,38.4,55.6,2.2
Nov,6-Nov,5 PM,37.6,58.1,2.3
Nov,7-Nov,6 AM,28.0,88.1,2.8
Nov,7-Nov,7 AM,30.3,80.8,2.1
Nov,7-Nov,8 AM,32.9,71.6,2.2
Nov,7-Nov,9 AM,35.8,63.0,2.2
Nov,7-Nov,10 AM,37.7,57.2,2.2
Nov,7-Nov,11 AM,40.2,50.6,2.2
Nov,7-Nov,12 PM,43.1,44.0,2.1
Nov,7-Nov,1 PM,44.9,40.9,2.1
Nov,7-Nov,2 PM,45.1,42.3,2.1
Nov,7-Nov,3 PM,44.8,42.2,2.1
Nov,7-Nov,4 PM,42.4,46.1,2.2
Nov,7-Nov,5 PM,40.0,49.7,2.2
Nov,8-Nov,6 AM,26.1,85.8,2.1
Nov,8-Nov,7 AM,30.6,74.8,2.2
Nov,8-Nov,8 AM,35.2,62.6,2.2
Nov,8-Nov,9 AM,38.6,50.8,2.2
Nov,8-Nov,10 AM,40.6,45.2,2.2
Nov,8-Nov,11 AM,42.2,41.3,2.2
Nov,8-Nov,12 PM,44.3,38.5,2.1
Nov,8-Nov,1 PM,45.7,37.2,2.1
Nov,8-Nov,2 PM,45.4,38.7,2.1
Nov,8-Nov,3 PM,44.0,41.8,2.1
Nov,8-Nov,4 PM,40.3,49.1,2.2
Nov,8-Nov,5 PM,37.8,54.7,2.3
Nov,10-Nov,6 AM,26.1,87.7,2.8
Nov,10-Nov,7 AM,30.6,76.1,2.1
Nov,10-Nov,8 AM,36.4,62.9,2.2
Nov,10-Nov,9 AM,38.9,53.2,2.2
Nov,10-Nov,10 AM,42.2,46.6,2.1
Nov,10-Nov,11 AM,42.9,44.7,2.2
Nov,10-Nov,12 PM,45.0,42.0,2.1
Nov,10-Nov,1 PM,45.4,40.0,2.1
Nov,10-Nov,2 PM,44.4,42.3,2.1
Nov,10-Nov,3 PM,42.8,47.3,2.1
Nov,10-Nov,4 PM,41.1,51.2,2.2
Nov,10-Nov,5 PM,39.4,55.5,2.2
Nov,11-Nov,6 AM,26.5,91.4,2.3
Nov,11-Nov,7 AM,30.7,81.4,1.9
Nov,11-Nov,8 AM,36.8,66.9,2.1
Nov,11-Nov,9 AM,39.6,56.3,2.1
Nov,11-Nov,10 AM,41.9,50.2,2.1
Nov,11-Nov,11 AM,43.6,46.9,2.1
Nov,11-Nov,12 PM,45.2,44.2,2.1
Nov,11-Nov,1 PM,44.6,45.2,2.1
Nov,11-Nov,2 PM,46.6,42.6,2.0
Nov,11-Nov,3 PM,46.9,42.0,2.0
Nov,11-Nov,4 PM,45.1,42.5,2.1
Nov,11-Nov,5 PM,43.1,45.3,2.1
Nov,12-Nov,6 AM,28.0,87.6,2.4
Nov,12-Nov,7 AM,33.9,74.3,2.1
Nov,12-Nov,8 AM,38.9,62.0,2.1
Nov,12-Nov,9 AM,41.8,53.8,2.1
Nov,12-Nov,10 AM,43.2,50.4,2.1
Nov,12-Nov,11 AM,44.2,49.0,2.1
Nov,12-Nov,12 PM,45.5,46.3,2.1
Nov,12-Nov,1 PM,45.3,45.9,2.1
Nov,12-Nov,2 PM,44.5,46.9,2.1
Nov,12-Nov,3 PM,47.1,42.7,2.0
Nov,12-Nov,4 PM,44.6,46.2,2.1
Nov,12-Nov,5 PM,42.5,50.9,2.1
Nov,13-Nov,6 AM,28.0,87.1,3.8
Nov,13-Nov,7 AM,30.5,81.1,2.1
Nov,13-Nov,8 AM,33.9,73.9,2.1
Nov,13-Nov,9 AM,38.0,63.6,2.2
Nov,13-Nov,10 AM,40.5,54.8,2.2
Nov,13-Nov,11 AM,42.3,50.2,2.1
Nov,13-Nov,12 PM,41.6,51.1,2.2
Nov,13-Nov,1 PM,43.4,48.2,2.1
Nov,13-Nov,2 PM,45.0,44.7,2.1
Nov,13-Nov,3 PM,45.3,44.0,2.1
Nov,13-Nov,4 PM,42.8,49.6,2.3
Nov,13-Nov,5 PM,37.0,63.3,2.3
Nov,14-Nov,6 AM,28.7,95.7,1.1
Nov,14-Nov,7 AM,32.4,87.1,1.4
Nov,14-Nov,8 AM,37.3,72.5,1.9
Nov,14-Nov,9 AM,39.0,63.1,2.1
Nov,14-Nov,10 AM,39.9,59.7,2.1
Nov,14-Nov,11 AM,41.4,54.5,2.1
Nov,14-Nov,12 PM,41.9,53.0,2.1
Nov,14-Nov,1 PM,43.0,51.9,2.1
Nov,14-Nov,2 PM,43.5,51.4,2.1
Nov,14-Nov,3 PM,39.9,60.6,2.1
Nov,14-Nov,4 PM,38.7,63.4,2.2
Nov,14-Nov,5 PM,37.3,66.6,2.2
Nov,15-Nov,6 AM,28.0,96.0,0.9
Nov,15-Nov,7 AM,30.8,89.4,1.2
Nov,15-Nov,8 AM,33.7,82.9,1.5
Nov,15-Nov,9 AM,36.1,74.3,1.9
Nov,15-Nov,10 AM,38.1,67.7,2.0
Nov,15-Nov,11 AM,39.9,62.0,2.1
Nov,15-Nov,12 PM,42.0,57.7,2.1
Nov,15-Nov,1 PM,42.5,55.6,2.1
Nov,15-Nov,2 PM,43.4,53.0,2.1
Nov,15-Nov,3 PM,44.2,51.1,2.1
Nov,15-Nov,4 PM,44.8,50.2,2.1
Nov,15-Nov,5 PM,41.8,52.5,2.1
Nov,16-Nov,6 AM,27.9,93.4,2.3
Nov,16-Nov,7 AM,32.2,82.9,1.7
Nov,16-Nov,8 AM,35.0,74.7,1.9
Nov,17-Nov,6 AM,28.3,93.0,0.8
Nov,17-Nov,7 AM,33.5,80.3,1.2
Nov,18-Nov,6 AM,27.5,95.7,0.8
Nov,18-Nov,7 AM,30.7,88.1,1.3
Nov,18-Nov,8 AM,36.2,76.9,1.8
Nov,18-Nov,9 AM,39.6,64.5,2.0
Nov,18-Nov,10 AM,41.6,57.9,2.0
Nov,18-Nov,11 AM,43.3,54.9,2.0
Nov,18-Nov,12 PM,43.2,54.7,2.1
Nov,18-Nov,1 PM,41.5,56.0,2.2
Nov,18-Nov,4 PM,35.9,79.8,2.1
Nov,18-Nov,5 PM,32.6,80.6,2.0
Nov,19-Nov,6 AM,27.4,97.0,0.3
Nov,19-Nov,7 AM,31.2,88.9,0.0
Nov,19-Nov,8 AM,36.4,75.1,0.0
Nov,19-Nov,9 AM,39.5,66.4,0.2
Nov,19-Nov,10 AM,42.4,58.9,0.7
Nov,19-Nov,11 AM,43.6,54.4,1.3
Nov,19-Nov,12 PM,43.7,54.9,1.3
Nov,19-Nov,1 PM,43.4,55.7,1.5
Nov,19-Nov,2 PM,46.6,50.2,1.6
Nov,19-Nov,3 PM,44.5,48.0,1.8
Nov,19-Nov,4 PM,42.6,49.7,1.9
Nov,19-Nov,5 PM,40.6,50.2,1.9
Nov,20-Nov,3 PM,39.8,55.3,2.1
Nov,20-Nov,4 PM,49.0,57.1,2.1
Nov,21-Nov,2 PM,40.1,58.7,2.1
Nov,21-Nov,3 PM,40.0,58.9,2.1
Nov,24-Nov,7 AM,30.3,92.6,2.0
Nov,24-Nov,8 AM,32.1,88.0,1.7
Nov,24-Nov,9 AM,35.8,77.6,1.9
Nov,24-Nov,10 AM,37.8,68.3,2.1
Nov,25-Nov,6 AM,26.1,100.0,1.4
Nov,25-Nov,9 AM,38.1,66.0,2.1
Nov,25-Nov,10 AM,37.9,65.2,2.2
Nov,25-Nov,11 AM,38.9,62.4,2.1
Nov,25-Nov,12 PM,39.8,60.6,2.1
Nov,25-Nov,1 PM,40.6,57.6,2.2
Nov,25-Nov,2 PM,41.4,54.7,2.1
Nov,25-Nov,3 PM,42.3,52.8,2.1
Nov,25-Nov,4 PM,40.1,56.7,2.1
Nov,26-Nov,6 AM,27.7,95.7,3.3
Nov,26-Nov,8 AM,35.3,80.8,2.1
Nov,27-Nov,6 AM,27.6,96.4,3.0
Nov,27-Nov,7 AM,31.4,86.9,1.7
Nov,27-Nov,8 AM,36.0,74.2,1.9
Nov,27-Nov,9 AM,39.3,63.8,2.0
Nov,27-Nov,10 AM,40.5,59.8,2.0
Nov,27-Nov,11 AM,41.5,57.0,2.1
Nov,27-Nov,12 PM,42.6,55.4,2.1
Nov,27-Nov,1 PM,45.3,49.2,2.0
Nov,27-Nov,2 PM,46.0,47.1,2.0
Nov,27-Nov,3 PM,46.2,46.8,2.0
Nov,27-Nov,4 PM,43.6,51.2,2.1
Nov,27-Nov,5 PM,39.9,57.4,2.1
Nov,28-Nov,6 AM,29.6,93.6,3.1
Nov,28-Nov,7 AM,33.4,82.6,1.8
Nov,28-Nov,8 AM,37.2,70.6,2.0
Nov,28-Nov,9 AM,40.8,60.8,2.0
Nov,28-Nov,10 AM,42.6,54.1,2.0
Nov,28-Nov,11 AM,44.4,49.6,2.0
Nov,28-Nov,12 PM,45.2,47.8,2.0
Nov,28-Nov,1 PM,44.8,49.1,2.1
Nov,28-Nov,2 PM,46.7,46.6,2.0
Nov,28-Nov,3 PM,42.4,53.2,2.1
Nov,28-Nov,4 PM,40.9,57.1,2.1
Nov,28-Nov,5 PM,40.8,57.7,2.1
Nov,29-Nov,6 AM,28.2,95.4,4.6
